Score,Rating,Address,City,ZIP,Owner,Value,Type,Year Built,Sqft,Signals,Court Activity,Mail Name,Mail Address,Mail City,Mail State,Mail ZIP,Bridge Page
97,HIGH,221 NW 106 AVE,PEMBROKE PINES,33026,"SANCHEZ,MANUEL",313140,Single Family,1986,978,Absentee owner; No homestead; Litigation pending (pre-foreclosure); Probate filing; Lien on property; Foreclosure judgment; Death certificate recorded,satisfaction 11/07/2025; mortgage 10/28/2024; deed_transfer 10/28/2024; lien 05/14/2024; probate 04/16/2025,"SANCHEZ,MANUEL",10220 PORT OF SPAIN ST,COOPER CITY,FLORIDA,33026,https://title.rootz.global/p/farm?address=221%20NW%20106%20AVE&city=PEMBROKE%20PINES
97,HIGH,3805 NW 107 WAY,SUNRISE,33351,"RODRIGUEZ,FRANCISCO",432550,Single Family,1990,1628,Absentee owner; No homestead; Litigation pending (pre-foreclosure); Probate filing; Lien on property; Foreclosure judgment; Death certificate recorded,death 11/24/2025; probate 11/24/2025; lien 10/30/2025; satisfaction 10/30/2024; lis_pendens 07/23/2025,"RODRIGUEZ,FRANCISCO",891 SW 171 TER,PEMBROKE PINES,FLORIDA,33027,https://title.rootz.global/p/farm?address=3805%20NW%20107%20WAY&city=SUNRISE
92,HIGH,2541 ARAGON BLVD,SUNRISE,33322,"SANCHEZ,MANUEL",125290,Condo,1976,1162,Absentee owner; Litigation pending (pre-foreclosure); Probate filing; Lien on property; Foreclosure judgment; Death certificate recorded,satisfaction 11/07/2025; mortgage 10/28/2024; deed_transfer 10/28/2024; lien 05/14/2024; probate 04/16/2025,"SANCHEZ,MANUEL",2541 ARAGON BLVD #201,SUNRISE,FLORIDA,33322,https://title.rootz.global/p/farm?address=2541%20ARAGON%20BLVD&city=SUNRISE
87,HIGH,1590 SHORELINE WAY,HOLLYWOOD,33019,"DOLGONOS,EL",1660970,Single Family,1997,3346,Absentee owner; No homestead; Litigation pending (pre-foreclosure); Probate filing; Lien on property; Death certificate recorded,satisfaction 12/11/2025; deed_transfer 11/24/2025; probate 11/24/2025; lis_pendens 08/26/2024; death 08/08/2025,"DOLGONOS,EL",16051 COLLINS AVE #1604,SUNNY ISLES BEACH,FLORIDA,33160,https://title.rootz.global/p/farm?address=1590%20SHORELINE%20WAY&city=HOLLYWOOD
85,HIGH,2222 GARFIELD ST,HOLLYWOOD,33020,"SKOPP,STEVEN D",507980,Multi-Family (10+),1978,2228,Absentee owner; No homestead; Litigation pending (pre-foreclosure); Probate filing; Lien on property; Foreclosure judgment,lis_pendens 12/31/2025; probate 12/23/2024; final_judgment 12/11/2025; lien 08/29/2024; satisfaction 04/03/2025,"SKOPP,STEVEN D",933 HARBORVIEW N,HOLLYWOOD,FLORIDA,33019,https://title.rootz.global/p/farm?address=2222%20GARFIELD%20ST&city=HOLLYWOOD
85,HIGH,2450 JACKSON ST,HOLLYWOOD,33020,"SKOPP,STEVEN D",650550,Multi-Family (10+),1990,2046,Absentee owner; No homestead; Litigation pending (pre-foreclosure); Probate filing; Lien on property; Foreclosure judgment,lis_pendens 12/31/2025; probate 12/23/2024; final_judgment 12/11/2025; lien 08/29/2024; satisfaction 04/03/2025,"SKOPP,STEVEN D",933 HARBOR VIEW N,HOLLYWOOD,FLORIDA,33019,https://title.rootz.global/p/farm?address=2450%20JACKSON%20ST&city=HOLLYWOOD
85,HIGH,7513 NW 47 DR,CORAL SPRINGS,33067,"SAKS,JEFFREY A",1506530,Single Family,1994,5890,Absentee owner; No homestead; Litigation pending (pre-foreclosure); Probate filing; Lien on property; Foreclosure judgment,deed_transfer 12/03/2024; probate 11/25/2025; satisfaction 11/04/2025; lis_pendens 09/10/2025; lien 07/24/2025,"SAKS,JEFFREY A",1063 HILLSBORO MILE APT 401,HILLSBORO BCH,FLORIDA,33062,https://title.rootz.global/p/farm?address=7513%20NW%2047%20DR&city=CORAL%20SPRINGS
85,HIGH,1749 NW 165 AVE,PEMBROKE PINES,33028,"GARCIA,LUIS",508660,Single Family,1997,1986,Absentee owner; No homestead; Litigation pending (pre-foreclosure); Probate filing; Lien on property; Foreclosure judgment,final_judgment 12/26/2024; lis_pendens 12/16/2024; satisfaction 12/02/2025; mortgage 11/20/2025; probate 11/07/2024,"GARCIA,LUIS",300 S AUSTRALIAN AVE UNIT 1219,WEST PALM BCH,FLORIDA,33401,https://title.rootz.global/p/farm?address=1749%20NW%20165%20AVE&city=PEMBROKE%20PINES
85,HIGH,900 SAINT CHARLES PL,PEMBROKE PINES,33026,"GARCIA,LUIS",239250,Condo,1981,1120,Absentee owner; No homestead; Litigation pending (pre-foreclosure); Probate filing; Lien on property; Foreclosure judgment,final_judgment 12/26/2024; lis_pendens 12/16/2024; satisfaction 12/02/2025; mortgage 11/20/2025; probate 11/07/2024,"GARCIA,LUIS",900 SAINT CHARLES PL #PH4,PEMBROKE PINES,FLORIDA,33026,https://title.rootz.global/p/farm?address=900%20SAINT%20CHARLES%20PL&city=PEMBROKE%20PINES
85,HIGH,2540 NE 11 AVE,POMPANO BEACH,33064,"MARTINEZ,ROBERTO",369990,Single Family,1961,1150,Absentee owner; No homestead; Litigation pending (pre-foreclosure); Probate filing; Lien on property; Foreclosure judgment,deed_transfer 12/22/2025; satisfaction 11/15/2024; mortgage 09/12/2024; lis_pendens 06/25/2025; final_judgment 06/12/2024,"MARTINEZ,ROBERTO",1311 NE 35 ST,POMPANO BEACH,FLORIDA,33064,https://title.rootz.global/p/farm?address=2540%20NE%2011%20AVE&city=POMPANO%20BEACH
85,HIGH,NW 14 ST,POMPANO BEACH,33060,"GARCIA,LUIS",165000,Vacant Residential,,,Absentee owner; No homestead; Litigation pending (pre-foreclosure); Probate filing; Lien on property; Foreclosure judgment,final_judgment 12/26/2024; lis_pendens 12/16/2024; satisfaction 12/02/2025; mortgage 11/20/2025; probate 11/07/2024,"GARCIA,LUIS",2635 W 81 ST,HIALEAH,FLORIDA,33016,https://title.rootz.global/p/farm?address=NW%2014%20ST&city=POMPANO%20BEACH
85,HIGH,1300 N OCEAN BLVD,POMPANO BEACH,33062,"MURPHY,MICHAEL",339390,Co-op,1964,890,Absentee owner; No homestead; Litigation pending (pre-foreclosure); Probate filing; Lien on property; Foreclosure judgment,final_judgment 10/29/2024; satisfaction 10/25/2024; probate 09/18/2025; lien 09/18/2024; deed_transfer 04/07/2025,"MURPHY,MICHAEL",1300 N OCEAN BLVD #108,POMPANO BEACH,FLORIDA,33062,https://title.rootz.global/p/farm?address=1300%20N%20OCEAN%20BLVD&city=POMPANO%20BEACH
85,HIGH,7161-7165 NW 15 ST,PLANTATION,33313,"SKOPP,STEVEN D",510410,Multi-Family (10+),1976,3296,Absentee owner; No homestead; Litigation pending (pre-foreclosure); Probate filing; Lien on property; Foreclosure judgment,lis_pendens 12/31/2025; probate 12/23/2024; final_judgment 12/11/2025; lien 08/29/2024; satisfaction 04/03/2025,"SKOPP,STEVEN D",933 HARBOR VIEW N,HOLLYWOOD,FLORIDA,33019,https://title.rootz.global/p/farm?address=7161-7165%20NW%2015%20ST&city=PLANTATION
85,HIGH,13249 SW 49 CT,MIRAMAR,33027,"MARTINEZ,MIGUEL",586150,Single Family,2000,2163,Absentee owner; No homestead; Litigation pending (pre-foreclosure); Probate filing; Lien on property; Foreclosure judgment,satisfaction 11/21/2025; mortgage 11/12/2025; final_judgment 11/12/2025; probate 08/15/2025; lis_pendens 06/05/2025,"MARTINEZ,MIGUEL",335 SW 191ST AVE,PEMBROKE PINES,FLORIDA,33029,https://title.rootz.global/p/farm?address=13249%20SW%2049%20CT&city=MIRAMAR
82,HIGH,1315 N 46 AVE,HOLLYWOOD,33021,"RODRIGUEZ,FRANCISCO",515730,Single Family,1962,1795,Litigation pending (pre-foreclosure); Probate filing; Lien on property; Foreclosure judgment; Death certificate recorded,death 11/24/2025; probate 11/24/2025; lien 10/30/2025; satisfaction 10/30/2024; lis_pendens 07/23/2025,"RODRIGUEZ,FRANCISCO",1315 N 46 AVE,HOLLYWOOD,FLORIDA,33021,https://title.rootz.global/p/farm?address=1315%20N%2046%20AVE&city=HOLLYWOOD
82,HIGH,1724 ADAMS ST,HOLLYWOOD,33020,"GONZALEZ,DAVID",305480,Single Family,1944,969,Absentee owner; No homestead; Litigation pending (pre-foreclosure); Probate filing; Foreclosure judgment; Death certificate recorded,satisfaction 12/16/2025; lis_pendens 12/09/2024; final_judgment 12/06/2024; mortgage 08/25/2025; deed_transfer 08/25/2025,"GONZALEZ,DAVID",1719 PLUNKETT ST,HOLLYWOOD,FLORIDA,33020,https://title.rootz.global/p/farm?address=1724%20ADAMS%20ST&city=HOLLYWOOD
82,HIGH,1727 PLUNKETT ST,HOLLYWOOD,33020,"GONZALEZ,DAVID",494320,Single Family,1952,2010,Absentee owner; No homestead; Litigation pending (pre-foreclosure); Probate filing; Foreclosure judgment; Death certificate recorded,satisfaction 12/16/2025; lis_pendens 12/09/2024; final_judgment 12/06/2024; mortgage 08/25/2025; deed_transfer 08/25/2025,"GONZALEZ,DAVID",1653 PLUNKETT ST,HOLLYWOOD,FLORIDA,33020,https://title.rootz.global/p/farm?address=1727%20PLUNKETT%20ST&city=HOLLYWOOD
82,HIGH,404 NW 70 AVE,PLANTATION,33317,"KACZOR,JOHN CHARLES",250170,Condo,1972,1200,Absentee owner; Litigation pending (pre-foreclosure); Probate filing; Lien on property; Death certificate recorded,satisfaction 12/10/2025; probate 11/21/2025; lis_pendens 11/14/2025; lien 10/22/2025; death 09/12/2025,"KACZOR,JOHN CHARLES",404 NW 70 AVE #219D,PLANTATION,FLORIDA,33317,https://title.rootz.global/p/farm?address=404%20NW%2070%20AVE&city=PLANTATION
82,HIGH,663 DEER CREEK CORONA WAY,DEERFIELD BEACH,33442,"GONZALEZ,DAVID",338720,Single Family,1987,1327,Absentee owner; No homestead; Litigation pending (pre-foreclosure); Probate filing; Foreclosure judgment; Death certificate recorded,satisfaction 12/16/2025; lis_pendens 12/09/2024; final_judgment 12/06/2024; mortgage 08/25/2025; deed_transfer 08/25/2025,"GONZALEZ,DAVID",698 DEER CREEK CORONA WAY,DEERFIELD BEACH,FLORIDA,33442,https://title.rootz.global/p/farm?address=663%20DEER%20CREEK%20CORONA%20WAY&city=DEERFIELD%20BEACH
82,HIGH,8370 NW 37 ST,SUNRISE,33351,"RODRIGUEZ,FRANCISCO",320350,Single Family,1981,1295,Litigation pending (pre-foreclosure); Probate filing; Lien on property; Foreclosure judgment; Death certificate recorded,death 11/24/2025; probate 11/24/2025; lien 10/30/2025; satisfaction 10/30/2024; lis_pendens 07/23/2025,"RODRIGUEZ,FRANCISCO",8370 NW 37 ST,SUNRISE,FLORIDA,33351,https://title.rootz.global/p/farm?address=8370%20NW%2037%20ST&city=SUNRISE
81,HIGH,4122 NW 88 AVE,CORAL SPRINGS,33065,US BANK TRUST NATIONAL ASSN,159080,Condo,1975,1085,Out-of-state absentee; Corporate/LLC/Trust; No homestead; High equity; Litigation pending (pre-foreclosure); Lien on property; Foreclosure judgment,satisfaction 12/29/2025; lis_pendens 12/29/2025; lien 12/19/2024; final_judgment 12/11/2025; deed_transfer 12/02/2025,US BANK TRUST NATIONAL ASSN,3815 SW TEMPLE,SALT LAKE CITY,UTAH,84115,https://title.rootz.global/p/farm?address=4122%20NW%2088%20AVE&city=CORAL%20SPRINGS
81,HIGH,2314 S CYPRESS BEND DR,POMPANO BEACH,33069,MORTGAGE ASSETS MANAGEMENT LLC,150310,Condo,1975,810,Out-of-state absentee; Corporate/LLC/Trust; No homestead; High equity; Litigation pending (pre-foreclosure); Lien on property; Foreclosure judgment,deed_transfer 12/30/2025; satisfaction 12/23/2024; lis_pendens 12/17/2024; final_judgment 12/10/2024; lien 11/05/2025,MORTGAGE ASSETS MANAGEMENT LLC,14405 WALTERS RD STE 200,HOUSTON,TEXAS,77014,https://title.rootz.global/p/farm?address=2314%20S%20CYPRESS%20BEND%20DR&city=POMPANO%20BEACH
80,HIGH,2200 PARK LN,HOLLYWOOD,33021,"GARCIA,LUIS",168700,Condo,1970,909,Absentee owner; Litigation pending (pre-foreclosure); Probate filing; Lien on property; Foreclosure judgment,final_judgment 12/26/2024; lis_pendens 12/16/2024; satisfaction 12/02/2025; mortgage 11/20/2025; probate 11/07/2024,"GARCIA,LUIS",2200 PARK LN #316,HOLLYWOOD,FLORIDA,33021,https://title.rootz.global/p/farm?address=2200%20PARK%20LN&city=HOLLYWOOD
80,HIGH,1423 E HILLSBORO BLVD,DEERFIELD BEACH,33441,"KELLY,MICHAEL",336810,Condo,1970,1255,Absentee owner; Litigation pending (pre-foreclosure); Probate filing; Lien on property; Foreclosure judgment,mortgage 12/30/2025; satisfaction 11/14/2024; deed_transfer 11/12/2025; lis_pendens 11/06/2024; probate 11/04/2025,"KELLY,MICHAEL",1423 E HILLSBORO BLVD #120,DEERFIELD BEACH,FLORIDA,33441,https://title.rootz.global/p/farm?address=1423%20E%20HILLSBORO%20BLVD&city=DEERFIELD%20BEACH
80,HIGH,6191 SW 37 ST,DAVIE,33314,"MCFADDEN,RAYMOND",151720,Condo,1972,730,Absentee owner; Litigation pending (pre-foreclosure); Probate filing; Lien on property; Foreclosure judgment,satisfaction 11/12/2025; probate 09/02/2025; lien 05/06/2026; final_judgment 01/31/2024; lis_pendens 01/05/2024,"MCFADDEN,RAYMOND",6191 SW 37 ST #206,DAVIE,FLORIDA,33314,https://title.rootz.global/p/farm?address=6191%20SW%2037%20ST&city=DAVIE
80,HIGH,5935 DEL LAGO CIR,SUNRISE,33313,"HYLTON,YVONNE",129770,Condo,1980,1090,Absentee owner; Litigation pending (pre-foreclosure); Probate filing; Lien on property; Foreclosure judgment,probate 12/30/2025; lis_pendens 12/02/2024; lien 10/01/2024; final_judgment 09/16/2025,"HYLTON,YVONNE",PO BOX 190151,FORT LAUDERDALE,FLORIDA,33319,https://title.rootz.global/p/farm?address=5935%20DEL%20LAGO%20CIR&city=SUNRISE
79,HIGH,4020 GALT OCEAN DR,FORT LAUDERDALE,33308,"ISCRA,LINO",577220,Condo,1972,1690,Out-of-state absentee; No homestead; Litigation pending (pre-foreclosure); Lien on property; Foreclosure judgment; Death certificate recorded,lien 10/22/2024; satisfaction 10/21/2025; death 10/15/2025; lis_pendens 07/24/2024; final_judgment 01/07/2025,"ISCRA,LINO",PO BOX 245,HUNTLEY,ILLINOIS,60142,https://title.rootz.global/p/farm?address=4020%20GALT%20OCEAN%20DR&city=FORT%20LAUDERDALE
77,HIGH,1425 WINDJAMMER WAY,HOLLYWOOD,33019,"DOLGONOS,EL",3432490,Single Family,2005,5420,No homestead; Litigation pending (pre-foreclosure); Probate filing; Lien on property; Death certificate recorded,satisfaction 12/11/2025; deed_transfer 11/24/2025; probate 11/24/2025; lis_pendens 08/26/2024; death 08/08/2025,"DOLGONOS,EL",1425 WINDJAMMER WAY,HOLLYWOOD,FLORIDA,33019,https://title.rootz.global/p/farm?address=1425%20WINDJAMMER%20WAY&city=HOLLYWOOD
77,HIGH,1719 PLUNKETT ST,HOLLYWOOD,33020,"GONZALEZ,DAVID",793920,Single Family,1962,2917,Absentee owner; Litigation pending (pre-foreclosure); Probate filing; Foreclosure judgment; Death certificate recorded,satisfaction 12/16/2025; lis_pendens 12/09/2024; final_judgment 12/06/2024; mortgage 08/25/2025; deed_transfer 08/25/2025,"GONZALEZ,DAVID",1653 PLUNKETT ST,HOLLYWOOD,FLORIDA,33020,https://title.rootz.global/p/farm?address=1719%20PLUNKETT%20ST&city=HOLLYWOOD
77,HIGH,6534 W SAMPLE RD,CORAL SPRINGS,33067,"GONZALEZ,DAVID",289490,Condo,2006,1203,Absentee owner; Litigation pending (pre-foreclosure); Probate filing; Foreclosure judgment; Death certificate recorded,satisfaction 12/16/2025; lis_pendens 12/09/2024; final_judgment 12/06/2024; mortgage 08/25/2025; deed_transfer 08/25/2025,"GONZALEZ,DAVID",6534 W SAMPLE RD #6534,CORAL SPRINGS,FLORIDA,33067,https://title.rootz.global/p/farm?address=6534%20W%20SAMPLE%20RD&city=CORAL%20SPRINGS
77,HIGH,10001 W ATLANTIC BLVD,CORAL SPRINGS,33071,"ROJAS,JOSE",209740,Condo,1985,933,Absentee owner; Litigation pending (pre-foreclosure); Probate filing; Foreclosure judgment; Death certificate recorded,final_judgment 12/09/2024; satisfaction 10/24/2024; deed_transfer 09/23/2024; lis_pendens 07/25/2025; probate 01/19/2024,"ROJAS,JOSE",10001 W ATLANTIC BLVD #318,CORAL SPRINGS,FLORIDA,33071,https://title.rootz.global/p/farm?address=10001%20W%20ATLANTIC%20BLVD&city=CORAL%20SPRINGS
77,HIGH,9173 NW 1 ST,PEMBROKE PINES,33024,"RODRIGUEZ,CARLOS",245010,Condo,1985,787,Absentee owner; No homestead; Litigation pending (pre-foreclosure); Lien on property; Foreclosure judgment; Death certificate recorded,satisfaction 12/27/2024; deed_transfer 12/03/2025; lis_pendens 11/24/2025; mortgage 10/14/2025; final_judgment 08/21/2025,"RODRIGUEZ,CARLOS",9173 NW 1 ST UNIT 202,PEMBROKE PINES,FLORIDA,33024,https://title.rootz.global/p/farm?address=9173%20NW%201%20ST&city=PEMBROKE%20PINES
77,HIGH,410 NW 68 AVE,PLANTATION,33317,"RODRIGUEZ,CARLOS",157240,Condo,1975,940,Absentee owner; No homestead; Litigation pending (pre-foreclosure); Lien on property; Foreclosure judgment; Death certificate recorded,satisfaction 12/27/2024; deed_transfer 12/03/2025; lis_pendens 11/24/2025; mortgage 10/14/2025; final_judgment 08/21/2025,"RODRIGUEZ,CARLOS",20 SE 13 ST APT B6,BOCA RATON,FLORIDA,33432,https://title.rootz.global/p/farm?address=410%20NW%2068%20AVE&city=PLANTATION
77,HIGH,3241 SABAL PALM MNR,DAVIE,33024,"GONZALEZ,DAVID",227240,Condo,2006,942,Absentee owner; Litigation pending (pre-foreclosure); Probate filing; Foreclosure judgment; Death certificate recorded,satisfaction 12/16/2025; lis_pendens 12/09/2024; final_judgment 12/06/2024; mortgage 08/25/2025; deed_transfer 08/25/2025,"GONZALEZ,DAVID",3241 SABAL PALM MNR #208,DAVIE,FLORIDA,33024,https://title.rootz.global/p/farm?address=3241%20SABAL%20PALM%20MNR&city=DAVIE
77,HIGH,3588 NW 95 TER,SUNRISE,33351,"HARRIS,JENNIE CARTER",272370,Condo,1987,1195,Out-of-state absentee; No homestead; Litigation pending (pre-foreclosure); Probate filing; Lien on property,lis_pendens 12/27/2024; satisfaction 09/16/2025; probate 09/12/2025; lien 08/12/2024,"HARRIS,JENNIE CARTER",907 GUENTHER AVE,YEADON,PENNSLYVANIA,19050,https://title.rootz.global/p/farm?address=3588%20NW%2095%20TER&city=SUNRISE
75,HIGH,444 NE 7 ST,FORT LAUDERDALE,33304,444 NE 7TH ST LLC,101581240,Multi-Family (2-9),2022,479072,Out-of-state absentee; Corporate/LLC/Trust; No homestead; Litigation pending (pre-foreclosure); Lien on property; Foreclosure judgment,satisfaction 12/18/2025; lien 11/26/2024; final_judgment 11/07/2025; lis_pendens 04/12/2024,444 NE 7TH ST LLC,"925 FOURTH AVE, 39TH FLOOR",SEATTLE,WASHINGTON,98101,https://title.rootz.global/p/farm?address=444%20NE%207%20ST&city=FORT%20LAUDERDALE
75,HIGH,501 MIDDLE RIVER DR,FORT LAUDERDALE,33304,RA FLL LLC,14797550,Single Family,2025,12173,Out-of-state absentee; Corporate/LLC/Trust; No homestead; Litigation pending (pre-foreclosure); Lien on property; Foreclosure judgment,lien 10/11/2024; satisfaction 09/06/2024; mortgage 07/26/2024; final_judgment 05/14/2026; lis_pendens 01/06/2025,RA FLL LLC,1201 ROUTE 112 SUITE 900,PORT JEFFERSON STATION,NEW YORK,11776,https://title.rootz.global/p/farm?address=501%20MIDDLE%20RIVER%20DR&city=FORT%20LAUDERDALE
75,HIGH,401-403 NE 14 AVE,FORT LAUDERDALE,33301,DCL 401 LLC,877110,Multi-Family (10+),1968,1912,Out-of-state absentee; Corporate/LLC/Trust; No homestead; Litigation pending (pre-foreclosure); Lien on property; Foreclosure judgment,final_judgment 12/18/2025; lis_pendens 07/11/2025; lien 05/06/2025,DCL 401 LLC,24A TROLLEY SQUARE,WILMINGTON,DELAWARE,19806,https://title.rootz.global/p/farm?address=401-403%20NE%2014%20AVE&city=FORT%20LAUDERDALE
75,HIGH,701 N FORT LAUDERDALE BEACH BLVD,FORT LAUDERDALE,33304,44 LAUREL LLC,1608990,Condo,2018,2408,Out-of-state absentee; Corporate/LLC/Trust; No homestead; Litigation pending (pre-foreclosure); Lien on property; Foreclosure judgment,lien 09/26/2024; final_judgment 07/30/2025; satisfaction 06/30/2025; lis_pendens 06/24/2025,44 LAUREL LLC,PO BOX 460,STONE HARBOR,NEW JERSEY,8247,https://title.rootz.global/p/farm?address=701%20N%20FORT%20LAUDERDALE%20BEACH%20BLVD&city=FORT%20LAUDERDALE
75,HIGH,1415 N 19 AVE,HOLLYWOOD,33020,Y APARTMENTS LLC,346700,Single Family,1971,1403,Out-of-state absentee; Corporate/LLC/Trust; No homestead; Litigation pending (pre-foreclosure); Lien on property; Foreclosure judgment,deed_transfer 12/23/2025; satisfaction 12/03/2024; mortgage 11/27/2024; lien 10/15/2024; lis_pendens 08/28/2025,Y APARTMENTS LLC,4531 N COUNTRY CLUB LN,LONG BEACH,CALIFORNIA,90807,https://title.rootz.global/p/farm?address=1415%20N%2019%20AVE&city=HOLLYWOOD
75,HIGH,1947 BUCHANAN ST,HOLLYWOOD,33020,1943 BUCHANAN LLC,1030700,Multi-Family (10+),1953,4084,Out-of-state absentee; Corporate/LLC/Trust; No homestead; Litigation pending (pre-foreclosure); Lien on property; Foreclosure judgment,lien 10/14/2025; lis_pendens 09/16/2024; satisfaction 08/12/2024; mortgage 04/22/2025; final_judgment 01/27/2025,1943 BUCHANAN LLC,1636 EASTERN PKWY,BROOKLYN,NEW YORK,11233,https://title.rootz.global/p/farm?address=1947%20BUCHANAN%20ST&city=HOLLYWOOD
75,HIGH,432-462 N 19 AVE,HOLLYWOOD,33020,1610 NORTH DIXIE HIGHWAY LLC,2356060,Multi-Family (2-9),1949,5505,Out-of-state absentee; Corporate/LLC/Trust; No homestead; Litigation pending (pre-foreclosure); Lien on property; Foreclosure judgment,easement 12/31/2024; final_judgment 12/22/2025; satisfaction 11/06/2024; lis_pendens 10/20/2025; lien 04/29/2025,1610 NORTH DIXIE HIGHWAY LLC,4403 15 AVE STE 192,BROOKLYN,NEW YORK,11219,https://title.rootz.global/p/farm?address=432-462%20N%2019%20AVE&city=HOLLYWOOD
75,HIGH,400-430 N 19 AVE,HOLLYWOOD,33020,1610 NORTH DIXIE HIGHWAY LLC,2466960,Multi-Family (2-9),1959,5425,Out-of-state absentee; Corporate/LLC/Trust; No homestead; Litigation pending (pre-foreclosure); Lien on property; Foreclosure judgment,easement 12/31/2024; final_judgment 12/22/2025; satisfaction 11/06/2024; lis_pendens 10/20/2025; lien 04/29/2025,1610 NORTH DIXIE HIGHWAY LLC,4403 15 AVE STE 192,BROOKLYN,NEW YORK,11219,https://title.rootz.global/p/farm?address=400-430%20N%2019%20AVE&city=HOLLYWOOD
75,HIGH,1913-1915 TAYLOR ST,HOLLYWOOD,33020,1610 NORTH DIXIE HIGHWAY LLC,515020,Multi-Family (10+),1952,2670,Out-of-state absentee; Corporate/LLC/Trust; No homestead; Litigation pending (pre-foreclosure); Lien on property; Foreclosure judgment,easement 12/31/2024; final_judgment 12/22/2025; satisfaction 11/06/2024; lis_pendens 10/20/2025; lien 04/29/2025,1610 NORTH DIXIE HIGHWAY LLC,4403 15 AVE STE 192,BROOKLYN,NEW YORK,11219,https://title.rootz.global/p/farm?address=1913-1915%20TAYLOR%20ST&city=HOLLYWOOD
75,HIGH,1900 TAYLOR ST,HOLLYWOOD,33020,1610 NORTH DIXIE HIGHWAY LLC,132680,Misc Residential,1975,1239,Out-of-state absentee; Corporate/LLC/Trust; No homestead; Litigation pending (pre-foreclosure); Lien on property; Foreclosure judgment,easement 12/31/2024; final_judgment 12/22/2025; satisfaction 11/06/2024; lis_pendens 10/20/2025; lien 04/29/2025,1610 NORTH DIXIE HIGHWAY LLC,4403 15 AVE STE 192,BROOKLYN,NEW YORK,11219,https://title.rootz.global/p/farm?address=1900%20TAYLOR%20ST&city=HOLLYWOOD
75,HIGH,1329 POLK ST,HOLLYWOOD,33019,ZIZEL LLC,1478960,Single Family,1965,4400,Out-of-state absentee; Corporate/LLC/Trust; No homestead; Litigation pending (pre-foreclosure); Lien on property; Foreclosure judgment,lien 12/23/2024; satisfaction 10/31/2025; deed_transfer 10/20/2025; lis_pendens 08/20/2024; mortgage 07/26/2024,ZIZEL LLC,5735 MADRE MESA DR,LAS VEGAS,NEVADA,89108,https://title.rootz.global/p/farm?address=1329%20POLK%20ST&city=HOLLYWOOD
75,HIGH,4024 JEFFERSON ST,HOLLYWOOD,33021,4024 JEFFERSON HOLDINGS LLC,828610,Single Family,1974,2895,Out-of-state absentee; Corporate/LLC/Trust; No homestead; Litigation pending (pre-foreclosure); Lien on property; Foreclosure judgment,lis_pendens 11/10/2025; final_judgment 06/27/2024; lien 06/25/2024,4024 JEFFERSON HOLDINGS LLC,3 ALPINE CT,CHESTNUT RIDGE,NEW YORK,10977,https://title.rootz.global/p/farm?address=4024%20JEFFERSON%20ST&city=HOLLYWOOD
75,HIGH,1815 N SURF RD,HOLLYWOOD,33019,603 LA PLAYA LLC,477110,Condo,2007,798,Out-of-state absentee; Corporate/LLC/Trust; No homestead; Litigation pending (pre-foreclosure); Lien on property; Foreclosure judgment,final_judgment 12/30/2025; lis_pendens 08/08/2025; lien 07/16/2025,603 LA PLAYA LLC,3407 30 AVE #2F,ASTORIA,NEW YORK,11103,https://title.rootz.global/p/farm?address=1815%20N%20SURF%20RD&city=HOLLYWOOD
75,HIGH,2118 PINEHURST WAY,CORAL SPRINGS,33071,"WILLIAMS,MICHAEL",791430,Single Family,1989,3576,No homestead; Litigation pending (pre-foreclosure); Probate filing; Lien on property; Foreclosure judgment,mortgage 12/29/2025; satisfaction 12/05/2025; final_judgment 10/22/2025; deed_transfer 09/11/2024; probate 07/22/2025,"WILLIAMS,MICHAEL",2118 PINEHURST WAY,CORAL SPRINGS,FLORIDA,33071,https://title.rootz.global/p/farm?address=2118%20PINEHURST%20WAY&city=CORAL%20SPRINGS
75,HIGH,915 RIVERSIDE DR,CORAL SPRINGS,33071,LTE CORP,221860,Condo,2006,1060,Out-of-state absentee; Corporate/LLC/Trust; No homestead; Litigation pending (pre-foreclosure); Lien on property; Foreclosure judgment,lien 12/17/2025; satisfaction 11/13/2025; final_judgment 10/09/2025; lis_pendens 01/15/2025,LTE CORP,5323 HIDALGO ST #520,HOUSTON,TEXAS,77056,https://title.rootz.global/p/farm?address=915%20RIVERSIDE%20DR&city=CORAL%20SPRINGS
75,HIGH,151 SW 135 TER,PEMBROKE PINES,33027,"REYES,FRANCISCO",156440,Condo,1985,954,Absentee owner; No homestead; Litigation pending (pre-foreclosure); Probate filing; Lien on property,deed_transfer 11/25/2024; satisfaction 11/03/2025; probate 10/30/2025; lis_pendens 06/26/2025; lien 05/18/2026,"REYES,FRANCISCO",151 SW 135 TER #111T,PEMBROKE PINES,FLORIDA,33027,https://title.rootz.global/p/farm?address=151%20SW%20135%20TER&city=PEMBROKE%20PINES
75,HIGH,1424 NE 29 ST,POMPANO BEACH,33064,"GARCIA,LUIS",376750,Single Family,1966,1148,No homestead; Litigation pending (pre-foreclosure); Probate filing; Lien on property; Foreclosure judgment,final_judgment 12/26/2024; lis_pendens 12/16/2024; satisfaction 12/02/2025; mortgage 11/20/2025; probate 11/07/2024,"GARCIA,LUIS",1424 NE 29 ST,POMPANO BEACH,FLORIDA,33064,https://title.rootz.global/p/farm?address=1424%20NE%2029%20ST&city=POMPANO%20BEACH
75,HIGH,2851 E GOLF BLVD,POMPANO BEACH,33064,"RAYMOND,JOHN A",121660,Condo,1969,760,Absentee owner; No homestead; Litigation pending (pre-foreclosure); Probate filing; Lien on property,deed_transfer 11/13/2025; probate 10/31/2025; satisfaction 05/23/2025; lis_pendens 01/28/2025; lien 01/06/2025,"RAYMOND,JOHN A",11330 TIMBERLODGE TER,BOCA RATON,FLORIDA,33428,https://title.rootz.global/p/farm?address=2851%20E%20GOLF%20BLVD&city=POMPANO%20BEACH
75,HIGH,9400 SUNRISE LAKES BLVD,SUNRISE,33322,LEGACY 4 PARTNERS LLC,119600,Condo,1980,850,Out-of-state absentee; Corporate/LLC/Trust; No homestead; Litigation pending (pre-foreclosure); Lien on property; Foreclosure judgment,mortgage 10/11/2024; deed_transfer 10/11/2024; final_judgment 07/28/2025; lis_pendens 05/27/2025; lien 04/11/2025,LEGACY 4 PARTNERS LLC,16192 COASTAL HWY,LEWES,DELAWARE,19958,https://title.rootz.global/p/farm?address=9400%20SUNRISE%20LAKES%20BLVD&city=SUNRISE
74,HIGH,501 SW 158 TER,PEMBROKE PINES,33027,"HERNANDEZ,LUIS",389260,Condo,1991,1711,Out-of-state absentee; No homestead; Probate filing; Lien on property; Foreclosure judgment; Death certificate recorded,easement 12/01/2025; deed_transfer 11/07/2024; lien 09/27/2024; satisfaction 09/26/2024; final_judgment 09/10/2024,"HERNANDEZ,LUIS",92 BOGOTA ST,STATEN ISLAND,NEW YORK,10314,https://title.rootz.global/p/farm?address=501%20SW%20158%20TER&city=PEMBROKE%20PINES
73,HIGH,2001 NE 62 ST,FORT LAUDERDALE,33308,AIM PARTNERS LLC,907590,Single Family,1971,2456,Absentee owner; Corporate/LLC/Trust; No homestead; Litigation pending (pre-foreclosure); Lien on property; Foreclosure judgment,lien 11/21/2025; lis_pendens 11/17/2025; satisfaction 10/31/2025; mortgage 08/14/2024; final_judgment 07/14/2025,AIM PARTNERS LLC,7901 4 ST N STE 300,ST PETERSBURG,FLORIDA,33702,https://title.rootz.global/p/farm?address=2001%20NE%2062%20ST&city=FORT%20LAUDERDALE
73,HIGH,1484 NE 57 PL,FORT LAUDERDALE,33334,DECCURE GROUP LLC,877130,Single Family,1964,2298,Absentee owner; Corporate/LLC/Trust; No homestead; Litigation pending (pre-foreclosure); Lien on property; Foreclosure judgment,lien 09/11/2025; satisfaction 09/08/2025; lis_pendens 08/13/2024; final_judgment 06/04/2025,DECCURE GROUP LLC,5810 SW 33 TER,FORT LAUDERDALE,FLORIDA,33312,https://title.rootz.global/p/farm?address=1484%20NE%2057%20PL&city=FORT%20LAUDERDALE
73,HIGH,5701 NE 22 WAY,FORT LAUDERDALE,33308,AIM PARTNERS LLC,744550,Single Family,1971,2383,Absentee owner; Corporate/LLC/Trust; No homestead; Litigation pending (pre-foreclosure); Lien on property; Foreclosure judgment,lien 11/21/2025; lis_pendens 11/17/2025; satisfaction 10/31/2025; mortgage 08/14/2024; final_judgment 07/14/2025,AIM PARTNERS LLC,7901 4 ST STE 300,ST PETERSBURG,FLORIDA,33702,https://title.rootz.global/p/farm?address=5701%20NE%2022%20WAY&city=FORT%20LAUDERDALE
73,HIGH,1740 NE 49 ST,FORT LAUDERDALE,33334,AIM PARTNERS LLC,808280,Single Family,1974,2058,Absentee owner; Corporate/LLC/Trust; No homestead; Litigation pending (pre-foreclosure); Lien on property; Foreclosure judgment,lien 11/21/2025; lis_pendens 11/17/2025; satisfaction 10/31/2025; mortgage 08/14/2024; final_judgment 07/14/2025,AIM PARTNERS LLC,7901 4 ST N,ST PETERSBURG,FLORIDA,33702,https://title.rootz.global/p/farm?address=1740%20NE%2049%20ST&city=FORT%20LAUDERDALE
73,HIGH,1249 NW 18 ST,FORT LAUDERDALE,33311,I LOVE FLORIDA REAL ESTATE LLC,432610,Single Family,1955,1456,Absentee owner; Corporate/LLC/Trust; No homestead; Litigation pending (pre-foreclosure); Lien on property; Foreclosure judgment,final_judgment 11/07/2024; lis_pendens 10/17/2024; deed_transfer 10/15/2025; satisfaction 05/29/2025; lien 01/15/2025,I LOVE FLORIDA REAL ESTATE LLC,4327 FOSS RD,LAKE WORTH,FLORIDA,33461,https://title.rootz.global/p/farm?address=1249%20NW%2018%20ST&city=FORT%20LAUDERDALE
73,HIGH,1237 NW 17 ST,FORT LAUDERDALE,33311,I LOVE FLORIDA REAL ESTATE LLC,424440,Single Family,1954,1391,Absentee owner; Corporate/LLC/Trust; No homestead; Litigation pending (pre-foreclosure); Lien on property; Foreclosure judgment,final_judgment 11/07/2024; lis_pendens 10/17/2024; deed_transfer 10/15/2025; satisfaction 05/29/2025; lien 01/15/2025,I LOVE FLORIDA REAL ESTATE LLC,4347 FOSS RD,LAKE WORTH,FLORIDA,33461,https://title.rootz.global/p/farm?address=1237%20NW%2017%20ST&city=FORT%20LAUDERDALE
73,HIGH,1771 NW 27 AVE,FORT LAUDERDALE,33311,DLC MORTGAGES III LLC,348800,Single Family,1962,1356,Absentee owner; Corporate/LLC/Trust; No homestead; Litigation pending (pre-foreclosure); Lien on property; Foreclosure judgment,lien 12/24/2025; deed_transfer 12/24/2025; satisfaction 11/24/2025; final_judgment 08/12/2025; lis_pendens 07/12/2024,DLC MORTGAGES III LLC,PO BOX 5162,LARGO,FLORIDA,33778,https://title.rootz.global/p/farm?address=1771%20NW%2027%20AVE&city=FORT%20LAUDERDALE
73,HIGH,1218 NW 2 AVE,FORT LAUDERDALE,33311,RGN INVESTMENTS LLC,322050,Single Family,1956,1139,Absentee owner; Corporate/LLC/Trust; No homestead; Litigation pending (pre-foreclosure); Lien on property; Foreclosure judgment,lis_pendens 11/12/2024; deed_transfer 10/03/2025; mortgage 06/27/2024; lien 02/21/2025; final_judgment 01/24/2025,RGN INVESTMENTS LLC,18911 NW 19 ST,PEMBROKE PINES,FLORIDA,33029,https://title.rootz.global/p/farm?address=1218%20NW%202%20AVE&city=FORT%20LAUDERDALE
73,HIGH,520 SAN MARCO DR,FORT LAUDERDALE,33301,520 SAN MARCO LLC,2928760,Single Family,2010,5665,Absentee owner; Corporate/LLC/Trust; No homestead; Litigation pending (pre-foreclosure); Lien on property; Foreclosure judgment,satisfaction 12/20/2024; lis_pendens 12/16/2025; mortgage 12/12/2024; final_judgment 12/09/2024; lien 08/20/2024,520 SAN MARCO LLC,7901 N 4 ST SUITE 300,ST PETERSBURG,FLORIDA,33702,https://title.rootz.global/p/farm?address=520%20SAN%20MARCO%20DR&city=FORT%20LAUDERDALE
73,HIGH,3107 NE 27 ST,FORT LAUDERDALE,33308,CLOSTE LLC,919340,Condo,1970,1560,Absentee owner; Corporate/LLC/Trust; No homestead; Litigation pending (pre-foreclosure); Lien on property; Foreclosure judgment,lis_pendens 10/02/2025; final_judgment 09/18/2024; lien 09/16/2025,CLOSTE LLC,3655 NE 32 AVE #217B,FORT LAUDERDALE,FLORIDA,33308,https://title.rootz.global/p/farm?address=3107%20NE%2027%20ST&city=FORT%20LAUDERDALE
73,HIGH,3020 NE 32 AVE,FORT LAUDERDALE,33308,AXXYEHHO LLC,335170,Condo,2005,750,Absentee owner; Corporate/LLC/Trust; No homestead; Litigation pending (pre-foreclosure); Lien on property; Foreclosure judgment,deed_transfer 12/23/2025; final_judgment 10/13/2025; lis_pendens 08/20/2025; mortgage 07/09/2025; lien 06/23/2025,AXXYEHHO LLC,3020 NE 32 AVE #709,FORT LAUDERDALE,FLORIDA,33304,https://title.rootz.global/p/farm?address=3020%20NE%2032%20AVE&city=FORT%20LAUDERDALE
73,HIGH,2900 NE 30 ST,FORT LAUDERDALE,33306,PRIME FLORIDA HOLDINGS 1 LLC,289930,Condo,2006,730,Absentee owner; Corporate/LLC/Trust; No homestead; Litigation pending (pre-foreclosure); Lien on property; Foreclosure judgment,lis_pendens 12/05/2025; lien 10/17/2025; satisfaction 08/27/2024; final_judgment 04/02/2025; mortgage 03/12/2024,PRIME FLORIDA HOLDINGS 1 LLC,2900 NE 30 ST #L-3,FORT LAUDERDALE,FLORIDA,33306,https://title.rootz.global/p/farm?address=2900%20NE%2030%20ST&city=FORT%20LAUDERDALE
73,HIGH,101 S FORT LAUDERDALE BEACH BLVD,FORT LAUDERDALE,33316,INVERSIONES LAS OLAS LLC,1759990,Condo,2008,2950,Absentee owner; Corporate/LLC/Trust; No homestead; Litigation pending (pre-foreclosure); Lien on property; Foreclosure judgment,final_judgment 11/17/2025; lis_pendens 05/27/2025; lien 01/24/2025,INVERSIONES LAS OLAS LLC,777 BRICKELL AVE STE 500,MIAMI,FLORIDA,33131,https://title.rootz.global/p/farm?address=101%20S%20FORT%20LAUDERDALE%20BEACH%20BLVD&city=FORT%20LAUDERDALE
73,HIGH,7451 SHERIDAN ST,HOLLYWOOD,33024,INNOVA INVESTMENTS LLC,433690,Single Family,1970,1300,Absentee owner; Corporate/LLC/Trust; No homestead; Litigation pending (pre-foreclosure); Lien on property; Foreclosure judgment,final_judgment 12/30/2025; mortgage 11/25/2025; easement 11/19/2025; satisfaction 11/12/2025; deed_transfer 10/24/2025,INNOVA INVESTMENTS LLC,16900 NE 19 AVE,NORTH MIAMI BEACH,FLORIDA,33162,https://title.rootz.global/p/farm?address=7451%20SHERIDAN%20ST&city=HOLLYWOOD
73,HIGH,2214-2216 N 25 AVE,HOLLYWOOD,33020,6:19 INVESTMENTS LLC,440850,Multi-Family (10+),1969,1498,Absentee owner; Corporate/LLC/Trust; No homestead; Litigation pending (pre-foreclosure); Lien on property; Foreclosure judgment,deed_transfer 12/30/2025; satisfaction 10/08/2025; final_judgment 08/04/2025; lis_pendens 04/29/2024; lien 03/06/2025,6:19 INVESTMENTS LLC,5220 NE 20 AVE,FORT LAUDERDALE,FLORIDA,33308,https://title.rootz.global/p/farm?address=2214-2216%20N%2025%20AVE&city=HOLLYWOOD
73,HIGH,1925 HARDING ST,HOLLYWOOD,33020,Y APARTMENTS LLC,528420,Multi-Family (10+),1962,2074,Absentee owner; Corporate/LLC/Trust; No homestead; Litigation pending (pre-foreclosure); Lien on property; Foreclosure judgment,deed_transfer 12/23/2025; satisfaction 12/03/2024; mortgage 11/27/2024; lien 10/15/2024; lis_pendens 08/28/2025,Y APARTMENTS LLC,6045 BUCHANAN ST,HOLLYWOOD,FLORIDA,33024,https://title.rootz.global/p/farm?address=1925%20HARDING%20ST&city=HOLLYWOOD
73,HIGH,1905 HARDING ST,HOLLYWOOD,33020,Y APARTMENTS LLC,515730,Multi-Family (10+),1949,1209,Absentee owner; Corporate/LLC/Trust; No homestead; Litigation pending (pre-foreclosure); Lien on property; Foreclosure judgment,deed_transfer 12/23/2025; satisfaction 12/03/2024; mortgage 11/27/2024; lien 10/15/2024; lis_pendens 08/28/2025,Y APARTMENTS LLC,6045 BUCHANAN ST,HOLLYWOOD,FLORIDA,33024,https://title.rootz.global/p/farm?address=1905%20HARDING%20ST&city=HOLLYWOOD
73,HIGH,1928 WILSON ST,HOLLYWOOD,33020,Y APARTMENTS LLC,572140,Multi-Family (10+),1952,2594,Absentee owner; Corporate/LLC/Trust; No homestead; Litigation pending (pre-foreclosure); Lien on property; Foreclosure judgment,deed_transfer 12/23/2025; satisfaction 12/03/2024; mortgage 11/27/2024; lien 10/15/2024; lis_pendens 08/28/2025,Y APARTMENTS LLC,6045 BUCHANAN ST,HOLLYWOOD,FLORIDA,33024,https://title.rootz.global/p/farm?address=1928%20WILSON%20ST&city=HOLLYWOOD
73,HIGH,1841 TAFT ST,HOLLYWOOD,33020,Y APARTMENTS LLC,671700,Multi-Family (10+),1952,2470,Absentee owner; Corporate/LLC/Trust; No homestead; Litigation pending (pre-foreclosure); Lien on property; Foreclosure judgment,deed_transfer 12/23/2025; satisfaction 12/03/2024; mortgage 11/27/2024; lien 10/15/2024; lis_pendens 08/28/2025,Y APARTMENTS LLC,6045 BUCHANAN ST,HOLLYWOOD,FLORIDA,33024,https://title.rootz.global/p/farm?address=1841%20TAFT%20ST&city=HOLLYWOOD
73,HIGH,1923 ROOSEVELT ST,HOLLYWOOD,33020,Y APARTMENTS LLC,706240,Multi-Family (10+),1967,2672,Absentee owner; Corporate/LLC/Trust; No homestead; Litigation pending (pre-foreclosure); Lien on property; Foreclosure judgment,deed_transfer 12/23/2025; satisfaction 12/03/2024; mortgage 11/27/2024; lien 10/15/2024; lis_pendens 08/28/2025,Y APARTMENTS LLC,6045 BUCHANAN ST,HOLLYWOOD,FLORIDA,33024,https://title.rootz.global/p/farm?address=1923%20ROOSEVELT%20ST&city=HOLLYWOOD
73,HIGH,7891 NW 11 CT,PEMBROKE PINES,33024,INNOVA INVESTMENTS LLC,339930,Single Family,1965,1180,Absentee owner; Corporate/LLC/Trust; No homestead; Litigation pending (pre-foreclosure); Lien on property; Foreclosure judgment,final_judgment 12/30/2025; mortgage 11/25/2025; easement 11/19/2025; satisfaction 11/12/2025; deed_transfer 10/24/2025,INNOVA INVESTMENTS LLC,16900 NE 19 AVE,NORTH MIAMI BEACH,FLORIDA,33162,https://title.rootz.global/p/farm?address=7891%20NW%2011%20CT&city=PEMBROKE%20PINES
73,HIGH,114 SW 67 TER,PEMBROKE PINES,33023,INNOVA INVESTMENTS LLC,260390,Single Family,1958,896,Absentee owner; Corporate/LLC/Trust; No homestead; Litigation pending (pre-foreclosure); Lien on property; Foreclosure judgment,final_judgment 12/30/2025; mortgage 11/25/2025; easement 11/19/2025; satisfaction 11/12/2025; deed_transfer 10/24/2025,INNOVA INVESTMENTS LLC,16900 NE 19 AVE,NORTH MIAMI BEACH,FLORIDA,33162,https://title.rootz.global/p/farm?address=114%20SW%2067%20TER&city=PEMBROKE%20PINES
73,HIGH,186 SW 68 AVE,PEMBROKE PINES,33023,INNOVA INVESTMENTS LLC,367640,Single Family,1970,1200,Absentee owner; Corporate/LLC/Trust; No homestead; Litigation pending (pre-foreclosure); Lien on property; Foreclosure judgment,final_judgment 12/30/2025; mortgage 11/25/2025; easement 11/19/2025; satisfaction 11/12/2025; deed_transfer 10/24/2025,INNOVA INVESTMENTS LLC,16900 NE 19 AVE,NORTH MIAMI BEACH,FLORIDA,33162,https://title.rootz.global/p/farm?address=186%20SW%2068%20AVE&city=PEMBROKE%20PINES
73,HIGH,19147 SW 8 ST,PEMBROKE PINES,33029,WBL SPO I LLC,873290,Single Family,2003,3724,Absentee owner; Corporate/LLC/Trust; No homestead; Litigation pending (pre-foreclosure); Lien on property; Foreclosure judgment,lis_pendens 11/08/2024; satisfaction 10/14/2024; deed_transfer 09/27/2024; lien 09/18/2024; final_judgment 05/04/2026,WBL SPO I LLC,135 W CENTRAL BLVD STE 300,ORLANDO,FLORIDA,32801,https://title.rootz.global/p/farm?address=19147%20SW%208%20ST&city=PEMBROKE%20PINES
73,HIGH,301 SW 158 TER,PEMBROKE PINES,33027,MORTGAGE ASSETS MANAGEMENT LLC,361120,Condo,1993,1420,Absentee owner; Corporate/LLC/Trust; No homestead; Litigation pending (pre-foreclosure); Lien on property; Foreclosure judgment,deed_transfer 12/30/2025; satisfaction 12/23/2024; lis_pendens 12/17/2024; final_judgment 12/10/2024; lien 11/05/2025,MORTGAGE ASSETS MANAGEMENT LLC,5720 PREMIER PARK DR,WEST PALM BEACH,FLORIDA,33407,https://title.rootz.global/p/farm?address=301%20SW%20158%20TER&city=PEMBROKE%20PINES
73,HIGH,3160 NE 11 AVE,POMPANO BEACH,33064,GO FUND PROP I LLC,446800,Single Family,1978,1175,Absentee owner; Corporate/LLC/Trust; No homestead; Litigation pending (pre-foreclosure); Lien on property; Foreclosure judgment,satisfaction 12/16/2024; deed_transfer 11/13/2025; final_judgment 09/03/2025; lis_pendens 07/17/2024; lien 03/06/2025,GO FUND PROP I LLC,1001 YAMATO RD STE 302,BOCA RATON,FLORIDA,33431,https://title.rootz.global/p/farm?address=3160%20NE%2011%20AVE&city=POMPANO%20BEACH
73,HIGH,3041 NE 11 TER,POMPANO BEACH,33064,GLTG INVESTMENT LLC,358900,Single Family,1965,1077,Absentee owner; Corporate/LLC/Trust; No homestead; Litigation pending (pre-foreclosure); Lien on property; Foreclosure judgment,final_judgment 12/19/2025; lien 10/06/2025; lis_pendens 07/03/2025; deed_transfer 03/27/2024,GLTG INVESTMENT LLC,5493 WILES RD STE 105,COCONUT CREEK,FLORIDA,33073,https://title.rootz.global/p/farm?address=3041%20NE%2011%20TER&city=POMPANO%20BEACH
73,HIGH,2910 NE 10 AVE,POMPANO BEACH,33064,COMERICA BANK,426190,Single Family,1978,1355,Absentee owner; Corporate/LLC/Trust; No homestead; Litigation pending (pre-foreclosure); Lien on property; Foreclosure judgment,deed_transfer 12/30/2024; mortgage 12/29/2025; final_judgment 12/13/2024; satisfaction 12/11/2025; lien 12/03/2024,COMERICA BANK,225 E ROBINSON ST STE 155,ORLANDO,FLORIDA,32801,https://title.rootz.global/p/farm?address=2910%20NE%2010%20AVE&city=POMPANO%20BEACH
73,HIGH,2500 NE 19 ST,POMPANO BEACH,33062,AIM PARTNERS LLC,1016730,Single Family,1970,3323,Absentee owner; Corporate/LLC/Trust; No homestead; Litigation pending (pre-foreclosure); Lien on property; Foreclosure judgment,lien 11/21/2025; lis_pendens 11/17/2025; satisfaction 10/31/2025; mortgage 08/14/2024; final_judgment 07/14/2025,AIM PARTNERS LLC,7901 4 ST N,ST PETERSBURG,FLORIDA,33702,https://title.rootz.global/p/farm?address=2500%20NE%2019%20ST&city=POMPANO%20BEACH
73,HIGH,525 NW 16 ST,POMPANO BEACH,33060,DLC MORTGAGES III LLC,229140,Single Family,1968,841,Absentee owner; Corporate/LLC/Trust; No homestead; Litigation pending (pre-foreclosure); Lien on property; Foreclosure judgment,lien 12/24/2025; deed_transfer 12/24/2025; satisfaction 11/24/2025; final_judgment 08/12/2025; lis_pendens 07/12/2024,DLC MORTGAGES III LLC,PO BOX 5162,LARGO,FLORIDA,33779,https://title.rootz.global/p/farm?address=525%20NW%2016%20ST&city=POMPANO%20BEACH
73,HIGH,1559 NW 4 AVE,POMPANO BEACH,33060,FRAZIER UNIQUE HOMES LLC,238710,Single Family,1964,957,Absentee owner; Corporate/LLC/Trust; No homestead; Litigation pending (pre-foreclosure); Lien on property; Foreclosure judgment,satisfaction 12/16/2024; lien 12/05/2024; deed_transfer 11/06/2025; mortgage 10/31/2024; final_judgment 09/18/2024,FRAZIER UNIQUE HOMES LLC,500 NE 38 ST,POMPANO BEACH,FLORIDA,33064,https://title.rootz.global/p/farm?address=1559%20NW%204%20AVE&city=POMPANO%20BEACH
73,HIGH,1574 NW 7 LN,POMPANO BEACH,33060,FRAZIER UNIQUE HOMES LLC,343660,Single Family,1999,1304,Absentee owner; Corporate/LLC/Trust; No homestead; Litigation pending (pre-foreclosure); Lien on property; Foreclosure judgment,satisfaction 12/16/2024; lien 12/05/2024; deed_transfer 11/06/2025; mortgage 10/31/2024; final_judgment 09/18/2024,FRAZIER UNIQUE HOMES LLC,500 NE 38 ST,POMPANO BEACH,FLORIDA,33064,https://title.rootz.global/p/farm?address=1574%20NW%207%20LN&city=POMPANO%20BEACH
73,HIGH,716 NW 15 PL,POMPANO BEACH,33060,CRYPTON GROUP LLC,312960,Single Family,1976,1093,Absentee owner; Corporate/LLC/Trust; No homestead; Litigation pending (pre-foreclosure); Lien on property; Foreclosure judgment,lien 12/23/2024; satisfaction 09/26/2024; final_judgment 07/17/2025; mortgage 03/19/2024; deed_transfer 03/19/2024,CRYPTON GROUP LLC,6061 N FALLS CIRCLE DR #401,LAUDERHILL,FLORIDA,33319,https://title.rootz.global/p/farm?address=716%20NW%2015%20PL&city=POMPANO%20BEACH
73,HIGH,1930 NW 9 ST,POMPANO BEACH,33069,1930 NW 9 STREET LLC,139100,Vacant Residential,,,Absentee owner; Corporate/LLC/Trust; No homestead; Litigation pending (pre-foreclosure); Lien on property; Foreclosure judgment,final_judgment 12/31/2025; lis_pendens 12/29/2025; lien 10/29/2024; satisfaction 10/06/2025; mortgage 03/01/2024,1930 NW 9 STREET LLC,1411 SAWGRASS CORP PKWY #B40,SUNRISE,FLORIDA,33323,https://title.rootz.global/p/farm?address=1930%20NW%209%20ST&city=POMPANO%20BEACH
73,HIGH,871 NW 5 AVE,POMPANO BEACH,33060,CRYPTON GROUP LLC,273540,Single Family,1973,1176,Absentee owner; Corporate/LLC/Trust; No homestead; Litigation pending (pre-foreclosure); Lien on property; Foreclosure judgment,lien 12/23/2024; satisfaction 09/26/2024; final_judgment 07/17/2025; mortgage 03/19/2024; deed_transfer 03/19/2024,CRYPTON GROUP LLC,6061 N FALLS CIRCLE DRIVE #401,LAUDERHILL,FLORIDA,33319,https://title.rootz.global/p/farm?address=871%20NW%205%20AVE&city=POMPANO%20BEACH
73,HIGH,1100 NE 4 ST,POMPANO BEACH,33060,AIM PARTNERS LLC,772260,Single Family,1975,2205,Absentee owner; Corporate/LLC/Trust; No homestead; Litigation pending (pre-foreclosure); Lien on property; Foreclosure judgment,lien 11/21/2025; lis_pendens 11/17/2025; satisfaction 10/31/2025; mortgage 08/14/2024; final_judgment 07/14/2025,AIM PARTNERS LLC,7901 4 ST N STE #300,ST PETERSBURG,FLORIDA,33702,https://title.rootz.global/p/farm?address=1100%20NE%204%20ST&city=POMPANO%20BEACH
73,HIGH,830 SE 22 AVE,POMPANO BEACH,33062,TAHA FAMILY LLC,1347690,Multi-Family (10+),1976,4262,Absentee owner; Corporate/LLC/Trust; No homestead; Litigation pending (pre-foreclosure); Lien on property; Foreclosure judgment,lien 12/29/2025; mortgage 11/12/2024; satisfaction 11/12/2024; final_judgment 10/30/2025; lis_pendens 04/11/2024,TAHA FAMILY LLC,500 SE 13 CT,POMPANO BEACH,FLORIDA,33060,https://title.rootz.global/p/farm?address=830%20SE%2022%20AVE&city=POMPANO%20BEACH
73,HIGH,201 SE 12 ST,POMPANO BEACH,33060,IRC EQUITIES VI LLC,917930,Single Family,1961,1747,Absentee owner; Corporate/LLC/Trust; No homestead; Litigation pending (pre-foreclosure); Lien on property; Foreclosure judgment,lien 12/16/2024; deed_transfer 09/15/2025; satisfaction 09/05/2025; final_judgment 06/13/2025; lis_pendens 04/03/2025,IRC EQUITIES VI LLC,7957 N UNIVERSITY DR STE 327,PARKLAND,FLORIDA,33067,https://title.rootz.global/p/farm?address=201%20SE%2012%20ST&city=POMPANO%20BEACH
73,HIGH,2200 S CYPRESS BEND DR,POMPANO BEACH,33069,YLH CAPITAL LLC,182230,Condo,1982,1140,Absentee owner; Corporate/LLC/Trust; No homestead; Litigation pending (pre-foreclosure); Lien on property; Foreclosure judgment,satisfaction 11/20/2024; final_judgment 09/25/2024; lien 09/24/2024; lis_pendens 03/28/2024; deed_transfer 01/25/2024,YLH CAPITAL LLC,4320 BAYSIDE VILLAGE DR #202,TAMPA,FLORIDA,33615,https://title.rootz.global/p/farm?address=2200%20S%20CYPRESS%20BEND%20DR&city=POMPANO%20BEACH
73,HIGH,4035 W MCNAB RD,POMPANO BEACH,33069,MARX ESTATES LLC,180100,Condo,2006,1035,Absentee owner; Corporate/LLC/Trust; No homestead; Litigation pending (pre-foreclosure); Lien on property; Foreclosure judgment,final_judgment 12/16/2024; deed_transfer 08/27/2025; lis_pendens 07/31/2024; lien 05/30/2024; satisfaction 03/21/2025,MARX ESTATES LLC,4035 W MCNAB RD #311F,POMPANO BEACH,FLORIDA,33069,https://title.rootz.global/p/farm?address=4035%20W%20MCNAB%20RD&city=POMPANO%20BEACH
73,HIGH,1000 S OCEAN BLVD,POMPANO BEACH,33062,"HOFFER,CLETIS D",383890,Condo,1974,1400,Out-of-state absentee; No homestead; High equity; Litigation pending (pre-foreclosure); Lien on property; Foreclosure judgment,satisfaction 11/04/2025; deed_transfer 08/30/2024; lis_pendens 08/26/2025; lien 06/17/2025; final_judgment 06/04/2024,"HOFFER,CLETIS D",888 COUNTY RD 1678,KNOXVILLE,ARKANSAS,72845,https://title.rootz.global/p/farm?address=1000%20S%20OCEAN%20BLVD&city=POMPANO%20BEACH
73,HIGH,11570 NW 12 ST,PLANTATION,33323,RHINO HOMES LLC,650500,Vacant Residential,,,Absentee owner; Corporate/LLC/Trust; No homestead; Litigation pending (pre-foreclosure); Lien on property; Foreclosure judgment,mortgage 12/15/2025; deed_transfer 12/15/2025; final_judgment 12/15/2025; satisfaction 11/24/2025; lien 11/18/2025,RHINO HOMES LLC,PO BOX 551347,FORT LAUDERDALE,FLORIDA,33355,https://title.rootz.global/p/farm?address=11570%20NW%2012%20ST&city=PLANTATION
73,HIGH,4890 NW 2 PL,PLANTATION,33317,RGN INVESTMENTS LLC,464670,Single Family,1965,1733,Absentee owner; Corporate/LLC/Trust; No homestead; Litigation pending (pre-foreclosure); Lien on property; Foreclosure judgment,lis_pendens 11/12/2024; deed_transfer 10/03/2025; mortgage 06/27/2024; lien 02/21/2025; final_judgment 01/24/2025,RGN INVESTMENTS LLC,18911 NW 19 ST,PEMBROKE PINES,FLORIDA,33029,https://title.rootz.global/p/farm?address=4890%20NW%202%20PL&city=PLANTATION
73,HIGH,8195 NW 8 MNR,PLANTATION,33324,HERITAGE PARTNERS LLC,186080,Condo,1980,1690,Absentee owner; Corporate/LLC/Trust; No homestead; Litigation pending (pre-foreclosure); Lien on property; Foreclosure judgment,deed_transfer 12/19/2024; satisfaction 12/02/2025; mortgage 09/16/2024; final_judgment 07/02/2025; lien 06/02/2025,HERITAGE PARTNERS LLC,4941 NW 48 AVE,TAMARAC,FLORIDA,33319,https://title.rootz.global/p/farm?address=8195%20NW%208%20MNR&city=PLANTATION
73,HIGH,8191 NW 8 MNR,PLANTATION,33324,HERITAGE PARTNERS LLC,186080,Condo,1980,1690,Absentee owner; Corporate/LLC/Trust; No homestead; Litigation pending (pre-foreclosure); Lien on property; Foreclosure judgment,deed_transfer 12/19/2024; satisfaction 12/02/2025; mortgage 09/16/2024; final_judgment 07/02/2025; lien 06/02/2025,HERITAGE PARTNERS LLC,4941 NW 48 AVE,TAMARAC,FLORIDA,33319,https://title.rootz.global/p/farm?address=8191%20NW%208%20MNR&city=PLANTATION
73,HIGH,11350 NW 4 ST,PLANTATION,33325,RHINO HOMES LLC,548230,Vacant Residential,,,Absentee owner; Corporate/LLC/Trust; No homestead; Litigation pending (pre-foreclosure); Lien on property; Foreclosure judgment,mortgage 12/15/2025; deed_transfer 12/15/2025; final_judgment 12/15/2025; satisfaction 11/24/2025; lien 11/18/2025,RHINO HOMES LLC,PO BOX 551347,FORT LAUDERDALE,FLORIDA,33355,https://title.rootz.global/p/farm?address=11350%20NW%204%20ST&city=PLANTATION
73,HIGH,11300 NW 4 ST,PLANTATION,33325,RHINO HOMES LLC,546550,Vacant Residential,,,Absentee owner; Corporate/LLC/Trust; No homestead; Litigation pending (pre-foreclosure); Lien on property; Foreclosure judgment,mortgage 12/15/2025; deed_transfer 12/15/2025; final_judgment 12/15/2025; satisfaction 11/24/2025; lien 11/18/2025,RHINO HOMES LLC,PO BOX 551347,FORT LAUDERDALE,FLORIDA,33355,https://title.rootz.global/p/farm?address=11300%20NW%204%20ST&city=PLANTATION
73,HIGH,11250 NW 4 ST,PLANTATION,33325,RHINO HOMES LLC,547570,Vacant Residential,,,Absentee owner; Corporate/LLC/Trust; No homestead; Litigation pending (pre-foreclosure); Lien on property; Foreclosure judgment,mortgage 12/15/2025; deed_transfer 12/15/2025; final_judgment 12/15/2025; satisfaction 11/24/2025; lien 11/18/2025,RHINO HOMES LLC,PO BOX 551347,FORT LAUDERDALE,FLORIDA,33355,https://title.rootz.global/p/farm?address=11250%20NW%204%20ST&city=PLANTATION
73,HIGH,11200 NW 4 ST,PLANTATION,33325,RHINO HOMES LLC,540900,Vacant Residential,,,Absentee owner; Corporate/LLC/Trust; No homestead; Litigation pending (pre-foreclosure); Lien on property; Foreclosure judgment,mortgage 12/15/2025; deed_transfer 12/15/2025; final_judgment 12/15/2025; satisfaction 11/24/2025; lien 11/18/2025,RHINO HOMES LLC,PO BOX 551347,FORT LAUDERDALE,FLORIDA,33355,https://title.rootz.global/p/farm?address=11200%20NW%204%20ST&city=PLANTATION
73,HIGH,120 NE 20 AVE,DEERFIELD BEACH,33441,TCH WAY LLC,276870,Condo,1980,430,Absentee owner; Corporate/LLC/Trust; No homestead; Litigation pending (pre-foreclosure); Lien on property; Foreclosure judgment,final_judgment 12/23/2025; lis_pendens 08/01/2025; deed_transfer 05/26/2026; lien 02/27/2025,TCH WAY LLC,20283 STATE RD 7 #400,BOCA RATON,FLORIDA,33428,https://title.rootz.global/p/farm?address=120%20NE%2020%20AVE&city=DEERFIELD%20BEACH
73,HIGH,4121 CAMBRIDGE F,DEERFIELD BEACH,33442,AQUA VITAE HOMES LLC,172010,Condo,1975,839,Absentee owner; Corporate/LLC/Trust; No homestead; Litigation pending (pre-foreclosure); Lien on property; Foreclosure judgment,deed_transfer 11/20/2025; lien 09/10/2024; final_judgment 08/15/2025; lis_pendens 03/31/2025,AQUA VITAE HOMES LLC,1451 W CYPRESS CREEK RD STE 300,FORT LAUDERDALE,FLORIDA,33309,https://title.rootz.global/p/farm?address=4121%20CAMBRIDGE%20F&city=DEERFIELD%20BEACH
73,HIGH,951 SW 121 AVE,DAVIE,33325,RHINO HOMES LLC,1004000,Single Family,1972,2615,Absentee owner; Corporate/LLC/Trust; No homestead; Litigation pending (pre-foreclosure); Lien on property; Foreclosure judgment,mortgage 12/15/2025; deed_transfer 12/15/2025; final_judgment 12/15/2025; satisfaction 11/24/2025; lien 11/18/2025,RHINO HOMES LLC,PO BOX 551347,FORT LAUDERDALE,FLORIDA,33355,https://title.rootz.global/p/farm?address=951%20SW%20121%20AVE&city=DAVIE
73,HIGH,901 SW 121 AVE,DAVIE,33325,RHINO HOMES LLC,1273410,Single Family,1991,2870,Absentee owner; Corporate/LLC/Trust; No homestead; Litigation pending (pre-foreclosure); Lien on property; Foreclosure judgment,mortgage 12/15/2025; deed_transfer 12/15/2025; final_judgment 12/15/2025; satisfaction 11/24/2025; lien 11/18/2025,RHINO HOMES LLC,PO BOX 551347,FORT LAUDERDALE,FLORIDA,33355,https://title.rootz.global/p/farm?address=901%20SW%20121%20AVE&city=DAVIE
73,HIGH,4490 SW 105 AVE,DAVIE,33328,KOSHER HOMES 4490 DAVIE LLC,845760,Single Family,1988,2337,Absentee owner; Corporate/LLC/Trust; No homestead; Litigation pending (pre-foreclosure); Lien on property; Foreclosure judgment,deed_transfer 08/22/2025; lien 08/21/2025; lis_pendens 04/09/2024; final_judgment 03/04/2025,KOSHER HOMES 4490 DAVIE LLC,10454 SW 54 ST,COOPER CITY,FLORIDA,33328,https://title.rootz.global/p/farm?address=4490%20SW%20105%20AVE&city=DAVIE
73,HIGH,12240 RHINO OAKS DR,DAVIE,33325,RHINO HOMES LLC,993190,Single Family,2024,3659,Absentee owner; Corporate/LLC/Trust; No homestead; Litigation pending (pre-foreclosure); Lien on property; Foreclosure judgment,mortgage 12/15/2025; deed_transfer 12/15/2025; final_judgment 12/15/2025; satisfaction 11/24/2025; lien 11/18/2025,RHINO HOMES LLC,PO BOX 551347,FORT LAUDERDALE,FLORIDA,33355,https://title.rootz.global/p/farm?address=12240%20RHINO%20OAKS%20DR&city=DAVIE
73,HIGH,13104 DAVIE OAKS DR,DAVIE,33325,NRM GROUP LLC,124290,Vacant Residential,,,Absentee owner; Corporate/LLC/Trust; No homestead; Litigation pending (pre-foreclosure); Lien on property; Foreclosure judgment,satisfaction 12/24/2025; easement 12/17/2025; deed_transfer 12/15/2025; lien 11/18/2025; mortgage 11/05/2024,NRM GROUP LLC,PO BOX 551347,FORT LAUDERDALE,FLORIDA,33355,https://title.rootz.global/p/farm?address=13104%20DAVIE%20OAKS%20DR&city=DAVIE
73,HIGH,13084 DAVIE OAKS DR,DAVIE,33325,NRM GROUP LLC,124280,Vacant Residential,,,Absentee owner; Corporate/LLC/Trust; No homestead; Litigation pending (pre-foreclosure); Lien on property; Foreclosure judgment,satisfaction 12/24/2025; easement 12/17/2025; deed_transfer 12/15/2025; lien 11/18/2025; mortgage 11/05/2024,NRM GROUP LLC,PO BOX 551347,FORT LAUDERDALE,FLORIDA,33355,https://title.rootz.global/p/farm?address=13084%20DAVIE%20OAKS%20DR&city=DAVIE
73,HIGH,13064 DAVIE OAKS DR,DAVIE,33325,NRM GROUP LLC,124260,Vacant Residential,,,Absentee owner; Corporate/LLC/Trust; No homestead; Litigation pending (pre-foreclosure); Lien on property; Foreclosure judgment,satisfaction 12/24/2025; easement 12/17/2025; deed_transfer 12/15/2025; lien 11/18/2025; mortgage 11/05/2024,NRM GROUP LLC,6073 NW 167 ST STE C-28,HIALEAH,FLORIDA,33015,https://title.rootz.global/p/farm?address=13064%20DAVIE%20OAKS%20DR&city=DAVIE
73,HIGH,13044 DAVIE OAKS DR,DAVIE,33325,NRM GROUP LLC,124250,Vacant Residential,,,Absentee owner; Corporate/LLC/Trust; No homestead; Litigation pending (pre-foreclosure); Lien on property; Foreclosure judgment,satisfaction 12/24/2025; easement 12/17/2025; deed_transfer 12/15/2025; lien 11/18/2025; mortgage 11/05/2024,NRM GROUP LLC,6073 NW 167 ST STE C-28,HIALEAH,FLORIDA,33015,https://title.rootz.global/p/farm?address=13044%20DAVIE%20OAKS%20DR&city=DAVIE
73,HIGH,13024 DAVIE OAKS DR,DAVIE,33325,NRM GROUP LLC,124250,Vacant Residential,,,Absentee owner; Corporate/LLC/Trust; No homestead; Litigation pending (pre-foreclosure); Lien on property; Foreclosure judgment,satisfaction 12/24/2025; easement 12/17/2025; deed_transfer 12/15/2025; lien 11/18/2025; mortgage 11/05/2024,NRM GROUP LLC,6073 NW 167 ST STE C-28,HIALEAH,FLORIDA,33015,https://title.rootz.global/p/farm?address=13024%20DAVIE%20OAKS%20DR&city=DAVIE
73,HIGH,13004 DAVIE OAKS DR,DAVIE,33325,NRM GROUP LLC,145940,Vacant Residential,,,Absentee owner; Corporate/LLC/Trust; No homestead; Litigation pending (pre-foreclosure); Lien on property; Foreclosure judgment,satisfaction 12/24/2025; easement 12/17/2025; deed_transfer 12/15/2025; lien 11/18/2025; mortgage 11/05/2024,NRM GROUP LLC,6073 NW 167 ST STE C-28,HIALEAH,FLORIDA,33015,https://title.rootz.global/p/farm?address=13004%20DAVIE%20OAKS%20DR&city=DAVIE
73,HIGH,DAVIE OAKS DR,DAVIE,33325,NRM GROUP LLC,10,Non-marketable Residential,,,Absentee owner; Corporate/LLC/Trust; No homestead; Litigation pending (pre-foreclosure); Lien on property; Foreclosure judgment,satisfaction 12/24/2025; easement 12/17/2025; deed_transfer 12/15/2025; lien 11/18/2025; mortgage 11/05/2024,NRM GROUP LLC,6073 NW 167 ST STE C-28,HIALEAH,FLORIDA,33015,https://title.rootz.global/p/farm?address=DAVIE%20OAKS%20DR&city=DAVIE
73,HIGH,DAVIE OAKS DR,DAVIE,33325,NRM GROUP LLC,10,Non-marketable Residential,,,Absentee owner; Corporate/LLC/Trust; No homestead; Litigation pending (pre-foreclosure); Lien on property; Foreclosure judgment,satisfaction 12/24/2025; easement 12/17/2025; deed_transfer 12/15/2025; lien 11/18/2025; mortgage 11/05/2024,NRM GROUP LLC,6073 NW 167 ST STE C-28,HIALEAH,FLORIDA,33015,https://title.rootz.global/p/farm?address=DAVIE%20OAKS%20DR&city=DAVIE
73,HIGH,DAVIE OAKS DR,DAVIE,33325,NRM GROUP LLC,10,Non-marketable Residential,,,Absentee owner; Corporate/LLC/Trust; No homestead; Litigation pending (pre-foreclosure); Lien on property; Foreclosure judgment,satisfaction 12/24/2025; easement 12/17/2025; deed_transfer 12/15/2025; lien 11/18/2025; mortgage 11/05/2024,NRM GROUP LLC,6073 NW 167 ST STE C-28,HIALEAH,FLORIDA,33015,https://title.rootz.global/p/farm?address=DAVIE%20OAKS%20DR&city=DAVIE
73,HIGH,13103 DAVIE OAKS DR,DAVIE,33325,NRM GROUP LLC,135560,Vacant Residential,,,Absentee owner; Corporate/LLC/Trust; No homestead; Litigation pending (pre-foreclosure); Lien on property; Foreclosure judgment,satisfaction 12/24/2025; easement 12/17/2025; deed_transfer 12/15/2025; lien 11/18/2025; mortgage 11/05/2024,NRM GROUP LLC,PO BOX 551347,FORT LAUDERDALE,FLORIDA,33355,https://title.rootz.global/p/farm?address=13103%20DAVIE%20OAKS%20DR&city=DAVIE
73,HIGH,13083 DAVIE OAKS DR,DAVIE,33325,NRM GROUP LLC,135560,Vacant Residential,,,Absentee owner; Corporate/LLC/Trust; No homestead; Litigation pending (pre-foreclosure); Lien on property; Foreclosure judgment,satisfaction 12/24/2025; easement 12/17/2025; deed_transfer 12/15/2025; lien 11/18/2025; mortgage 11/05/2024,NRM GROUP LLC,PO BOX 551347,FORT LAUDERDALE,FLORIDA,33355,https://title.rootz.global/p/farm?address=13083%20DAVIE%20OAKS%20DR&city=DAVIE
73,HIGH,13063 DAVIE OAKS DR,DAVIE,33325,NRM GROUP LLC,135570,Vacant Residential,,,Absentee owner; Corporate/LLC/Trust; No homestead; Litigation pending (pre-foreclosure); Lien on property; Foreclosure judgment,satisfaction 12/24/2025; easement 12/17/2025; deed_transfer 12/15/2025; lien 11/18/2025; mortgage 11/05/2024,NRM GROUP LLC,PO BOX 551347,FORT LAUDERDALE,FLORIDA,33355,https://title.rootz.global/p/farm?address=13063%20DAVIE%20OAKS%20DR&city=DAVIE
73,HIGH,13043 DAVIE OAKS DR,DAVIE,33325,NRM GROUP LLC,135570,Vacant Residential,,,Absentee owner; Corporate/LLC/Trust; No homestead; Litigation pending (pre-foreclosure); Lien on property; Foreclosure judgment,satisfaction 12/24/2025; easement 12/17/2025; deed_transfer 12/15/2025; lien 11/18/2025; mortgage 11/05/2024,NRM GROUP LLC,PO BOX 551347,FORT LAUDERDALE,FLORIDA,33355,https://title.rootz.global/p/farm?address=13043%20DAVIE%20OAKS%20DR&city=DAVIE
73,HIGH,13023 DAVIE OAKS DR,DAVIE,33325,NRM GROUP LLC,135570,Vacant Residential,,,Absentee owner; Corporate/LLC/Trust; No homestead; Litigation pending (pre-foreclosure); Lien on property; Foreclosure judgment,satisfaction 12/24/2025; easement 12/17/2025; deed_transfer 12/15/2025; lien 11/18/2025; mortgage 11/05/2024,NRM GROUP LLC,PO BOX 551347,FORT LAUDERDALE,FLORIDA,33355,https://title.rootz.global/p/farm?address=13023%20DAVIE%20OAKS%20DR&city=DAVIE
73,HIGH,13003 DAVIE OAKS DR,DAVIE,33325,NRM GROUP LLC,162720,Vacant Residential,,,Absentee owner; Corporate/LLC/Trust; No homestead; Litigation pending (pre-foreclosure); Lien on property; Foreclosure judgment,satisfaction 12/24/2025; easement 12/17/2025; deed_transfer 12/15/2025; lien 11/18/2025; mortgage 11/05/2024,NRM GROUP LLC,PO BOX 551347,FORT LAUDERDALE,FLORIDA,33355,https://title.rootz.global/p/farm?address=13003%20DAVIE%20OAKS%20DR&city=DAVIE
73,HIGH,DAVIE OAKS DR,DAVIE,33325,NRM GROUP LLC,10,Non-marketable Residential,,,Absentee owner; Corporate/LLC/Trust; No homestead; Litigation pending (pre-foreclosure); Lien on property; Foreclosure judgment,satisfaction 12/24/2025; easement 12/17/2025; deed_transfer 12/15/2025; lien 11/18/2025; mortgage 11/05/2024,NRM GROUP LLC,6073 NW 167 ST STE C-28,HIALEAH,FLORIDA,33015,https://title.rootz.global/p/farm?address=DAVIE%20OAKS%20DR&city=DAVIE
73,HIGH,10207 SUNRISE LAKES BLVD,SUNRISE,33322,DLC MORTGAGES III LLC,161990,Condo,1981,1190,Absentee owner; Corporate/LLC/Trust; No homestead; Litigation pending (pre-foreclosure); Lien on property; Foreclosure judgment,lien 12/24/2025; deed_transfer 12/24/2025; satisfaction 11/24/2025; final_judgment 08/12/2025; lis_pendens 07/12/2024,DLC MORTGAGES III LLC,PO BOX 5162,LARGO,FLORIDA,33778,https://title.rootz.global/p/farm?address=10207%20SUNRISE%20LAKES%20BLVD&city=SUNRISE
73,HIGH,2681 N FLAMINGO RD,SUNRISE,33323,RKMO LLC,401270,Condo,2010,1570,Absentee owner; Corporate/LLC/Trust; No homestead; Litigation pending (pre-foreclosure); Lien on property; Foreclosure judgment,lien 12/11/2024; deed_transfer 10/24/2025; lis_pendens 08/16/2024; final_judgment 07/12/2024; satisfaction 03/19/2024,RKMO LLC,11900 TARA DR,PLANTATION,FLORIDA,33323,https://title.rootz.global/p/farm?address=2681%20N%20FLAMINGO%20RD&city=SUNRISE
73,HIGH,2551 ARAGON BLVD,SUNRISE,33322,ES KAVELL CORP,127280,Condo,1976,1162,Absentee owner; Corporate/LLC/Trust; No homestead; Litigation pending (pre-foreclosure); Lien on property; Foreclosure judgment,deed_transfer 11/22/2024; mortgage 10/21/2024; satisfaction 10/17/2024; lis_pendens 08/25/2025; lien 08/01/2024,ES KAVELL CORP,20840 SAN SIMEON WAY #706,MIAMI,FLORIDA,33179,https://title.rootz.global/p/farm?address=2551%20ARAGON%20BLVD&city=SUNRISE
73,HIGH,2800 ALCAZAR DR,MIRAMAR,33023,SORM CORP,447000,Single Family,1964,1435,Absentee owner; Corporate/LLC/Trust; No homestead; Litigation pending (pre-foreclosure); Lien on property; Foreclosure judgment,satisfaction 11/04/2025; deed_transfer 09/20/2024; lis_pendens 07/31/2025; mortgage 06/11/2024; final_judgment 06/06/2024,SORM CORP,30 NW 162 ST,MIAMI,FLORIDA,33169,https://title.rootz.global/p/farm?address=2800%20ALCAZAR%20DR&city=MIRAMAR
73,HIGH,7667 INDIGO ST,MIRAMAR,33023,INNOVA INVESTMENTS LLC,411770,Single Family,1961,1197,Absentee owner; Corporate/LLC/Trust; No homestead; Litigation pending (pre-foreclosure); Lien on property; Foreclosure judgment,final_judgment 12/30/2025; mortgage 11/25/2025; easement 11/19/2025; satisfaction 11/12/2025; deed_transfer 10/24/2025,INNOVA INVESTMENTS LLC,16900 NE 19 AVE,NORTH MIAMI BEACH,FLORIDA,33162,https://title.rootz.global/p/farm?address=7667%20INDIGO%20ST&city=MIRAMAR
73,HIGH,6120 SW 40 CT,MIRAMAR,33023,SORM CORP,233340,Single Family,1956,1055,Absentee owner; Corporate/LLC/Trust; No homestead; Litigation pending (pre-foreclosure); Lien on property; Foreclosure judgment,satisfaction 11/04/2025; deed_transfer 09/20/2024; lis_pendens 07/31/2025; mortgage 06/11/2024; final_judgment 06/06/2024,SORM CORP,30 NW 162 ST,MIAMI,FLORIDA,33169,https://title.rootz.global/p/farm?address=6120%20SW%2040%20CT&city=MIRAMAR
73,HIGH,12452 SW 45 DR,MIRAMAR,33027,NRM GROUP LLC,427690,Single Family,2005,1582,Absentee owner; Corporate/LLC/Trust; No homestead; Litigation pending (pre-foreclosure); Lien on property; Foreclosure judgment,satisfaction 12/24/2025; easement 12/17/2025; deed_transfer 12/15/2025; lien 11/18/2025; mortgage 11/05/2024,NRM GROUP LLC,6073 NW 167 ST STE C28,HIALEAH,FLORIDA,33015,https://title.rootz.global/p/farm?address=12452%20SW%2045%20DR&city=MIRAMAR
73,HIGH,15511 SW 50 CT,MIRAMAR,33027,LUXOR REALTY HOLDINGS LLC,545850,Single Family,2004,2123,Absentee owner; Corporate/LLC/Trust; No homestead; Litigation pending (pre-foreclosure); Lien on property; Foreclosure judgment,lis_pendens 12/09/2024; final_judgment 12/08/2025; satisfaction 06/14/2024; deed_transfer 06/11/2024; lien 05/02/2025,LUXOR REALTY HOLDINGS LLC,3301 W 94 TER,HIALEAH GARDENS,FLORIDA,33018,https://title.rootz.global/p/farm?address=15511%20SW%2050%20CT&city=MIRAMAR
73,HIGH,15781 SW 53 CT,MIRAMAR,33027,JF HOMES LLC,837900,Single Family,2005,3210,Absentee owner; Corporate/LLC/Trust; No homestead; Litigation pending (pre-foreclosure); Lien on property; Foreclosure judgment,lis_pendens 12/09/2024; satisfaction 10/31/2025; lien 10/18/2024; deed_transfer 09/27/2024; final_judgment 07/25/2024,JF HOMES LLC,1060 SW 85 AVE,PEMBROKE PINES,FLORIDA,33025,https://title.rootz.global/p/farm?address=15781%20SW%2053%20CT&city=MIRAMAR
72,HIGH,NW 24 ST,FORT LAUDERDALE,33311,"COLEMAN,JENNINGS III",41600,Vacant Residential,,,Absentee owner; No homestead; Litigation pending (pre-foreclosure); Probate filing; Death certificate recorded,lis_pendens 10/02/2025; probate 09/27/2024; death 09/12/2025,"COLEMAN,JENNINGS III",3011 NW 24 ST,FORT LAUDERDALE,FLORIDA,33311,https://title.rootz.global/p/farm?address=NW%2024%20ST&city=FORT%20LAUDERDALE
72,HIGH,3200 NE 36 ST,FORT LAUDERDALE,33308,"SMITH,STEPHEN",356820,Co-op,1964,1120,Out-of-state absentee; No homestead; Litigation pending (pre-foreclosure); Probate filing; Foreclosure judgment,satisfaction 12/31/2024; final_judgment 10/17/2025; deed_transfer 04/17/2024; lis_pendens 04/16/2025; probate 01/02/2024,"SMITH,STEPHEN",53 CLARENCE ST,EVERETT,MASSACHUSETTS,2149,https://title.rootz.global/p/farm?address=3200%20NE%2036%20ST&city=FORT%20LAUDERDALE
72,HIGH,412 S CYPRESS RD,POMPANO BEACH,33060,"HERNANDEZ,LUIS",133170,Co-op,1968,930,Absentee owner; No homestead; Probate filing; Lien on property; Foreclosure judgment; Death certificate recorded,easement 12/01/2025; deed_transfer 11/07/2024; lien 09/27/2024; satisfaction 09/26/2024; final_judgment 09/10/2024,"HERNANDEZ,LUIS",406  S CYPRESS RD #207,POMPANO BEACH,FLORIDA,33060,https://title.rootz.global/p/farm?address=412%20S%20CYPRESS%20RD&city=POMPANO%20BEACH
72,HIGH,7310 NW 13 CT,PLANTATION,33313,"THOMAS,JANET",552250,Single Family,1977,2364,Litigation pending (pre-foreclosure); Probate filing; Lien on property; Death certificate recorded,death 12/30/2024; lien 12/01/2025; lis_pendens 11/03/2025; satisfaction 09/26/2024; probate 05/22/2026,"THOMAS,JANET",7310 NW 13 CT,PLANTATION,FLORIDA,33313,https://title.rootz.global/p/farm?address=7310%20NW%2013%20CT&city=PLANTATION
72,HIGH,5145 E LAKES DR,DEERFIELD BEACH,33064,"COLLINS,JOAN",310550,Single Family,1984,1051,Litigation pending (pre-foreclosure); Probate filing; Lien on property; Death certificate recorded,probate 12/15/2025; lis_pendens 09/18/2025; death 09/16/2025; lien 09/10/2024; satisfaction 06/06/2024,"COLLINS,JOAN",5145 E LAKES DR,DEERFIELD BEACH,FLORIDA,33064,https://title.rootz.global/p/farm?address=5145%20E%20LAKES%20DR&city=DEERFIELD%20BEACH
72,HIGH,4025 N NOB HILL RD,SUNRISE,33351,"BARDOSH,ALEXANDER",185240,Condo,1979,1074,Out-of-state absentee; No homestead; Litigation pending (pre-foreclosure); Probate filing; Foreclosure judgment,lis_pendens 08/19/2025; probate 08/19/2025; final_judgment 08/08/2024,"BARDOSH,ALEXANDER",15040 71 AVE APT 2-L,FLUSHING,NEW YORK,11367,https://title.rootz.global/p/farm?address=4025%20N%20NOB%20HILL%20RD&city=SUNRISE
70,HIGH,3105 NE 27 ST,FORT LAUDERDALE,33308,"VANDERMAAS,ALFRED C",919340,Condo,1970,1560,Absentee owner; Litigation pending (pre-foreclosure); Probate filing; Lien on property,probate 12/10/2025; lis_pendens 10/02/2025; lien 09/16/2025,"VANDERMAAS,ALFRED C",3105 NE 27 ST #107,FORT LAUDERDALE,FLORIDA,33308,https://title.rootz.global/p/farm?address=3105%20NE%2027%20ST&city=FORT%20LAUDERDALE
70,HIGH,5841 RIVERSIDE DR,CORAL SPRINGS,33067,"BERNSTEIN,MARK A",221770,Condo,2005,950,Absentee owner; No homestead; Litigation pending (pre-foreclosure); Probate filing; Foreclosure judgment,probate 09/10/2024; lis_pendens 08/01/2024; satisfaction 06/03/2025; final_judgment 02/18/2025,"BERNSTEIN,MARK A",11419 W PALMETTO PARK RD #971541,BOCA RATON,FLORIDA,33497,https://title.rootz.global/p/farm?address=5841%20RIVERSIDE%20DR&city=CORAL%20SPRINGS
70,HIGH,251 SW 167 AVE,PEMBROKE PINES,33029,"DAVIS,ROBERT",639920,Single Family,1997,2515,Litigation pending (pre-foreclosure); Probate filing; Lien on property; Foreclosure judgment,satisfaction 12/22/2025; mortgage 11/19/2025; final_judgment 11/07/2024; probate 10/23/2025; lien 09/17/2024,"DAVIS,ROBERT",251 SW 167 AVE,PEMBROKE PINES,FLORIDA,33027,https://title.rootz.global/p/farm?address=251%20SW%20167%20AVE&city=PEMBROKE%20PINES
70,HIGH,335 SW 191 AVE,PEMBROKE PINES,33029,"MARTINEZ,MIGUEL",700090,Single Family,1996,2391,Litigation pending (pre-foreclosure); Probate filing; Lien on property; Foreclosure judgment,satisfaction 11/21/2025; mortgage 11/12/2025; final_judgment 11/12/2025; probate 08/15/2025; lis_pendens 06/05/2025,"MARTINEZ,MIGUEL",335 SW 191 AVE,PEMBROKE PINES,FLORIDA,33029,https://title.rootz.global/p/farm?address=335%20SW%20191%20AVE&city=PEMBROKE%20PINES
70,HIGH,9174 ORCHID TREE LN,PEMBROKE PINES,33024,"BLANCO,MANUEL",322820,Condo,1980,1472,Absentee owner; Litigation pending (pre-foreclosure); Probate filing; Lien on property,satisfaction 10/30/2024; probate 09/30/2024; lien 09/18/2025; lis_pendens 04/07/2025,"BLANCO,MANUEL",9174 ORCHID TREE LN #152,PEMBROKE PINES,FLORIDA,33024,https://title.rootz.global/p/farm?address=9174%20ORCHID%20TREE%20LN&city=PEMBROKE%20PINES
70,HIGH,1311 NE 35 ST,POMPANO BEACH,33064,"MARTINEZ,ROBERTO",357960,Single Family,1964,1228,Litigation pending (pre-foreclosure); Probate filing; Lien on property; Foreclosure judgment,deed_transfer 12/22/2025; satisfaction 11/15/2024; mortgage 09/12/2024; lis_pendens 06/25/2025; final_judgment 06/12/2024,"MARTINEZ,ROBERTO",1311 NE 35 ST,POMPANO BEACH,FLORIDA,33064,https://title.rootz.global/p/farm?address=1311%20NE%2035%20ST&city=POMPANO%20BEACH
70,HIGH,301 S GOLF BLVD,POMPANO BEACH,33064,"D'OTTAVIO,CYNTHIA",120060,Condo,1970,750,Absentee owner; Litigation pending (pre-foreclosure); Probate filing; Lien on property,probate 12/05/2025; deed_transfer 11/07/2025; lis_pendens 09/22/2025; lien 08/05/2025,"D'OTTAVIO,CYNTHIA",301 S GOLF BLVD #172,POMPANO BEACH,FLORIDA,33064,https://title.rootz.global/p/farm?address=301%20S%20GOLF%20BLVD&city=POMPANO%20BEACH
70,HIGH,5150 SW 18 CT,PLANTATION,33317,"BROWN,MICHAEL",918830,Single Family,1981,3457,Litigation pending (pre-foreclosure); Probate filing; Lien on property; Foreclosure judgment,deed_transfer 12/15/2025; lis_pendens 12/15/2025; satisfaction 12/08/2025; probate 11/14/2025; lien 10/27/2025,"BROWN,MICHAEL",5150 SW 18 CT,PLANTATION,FLORIDA,33317,https://title.rootz.global/p/farm?address=5150%20SW%2018%20CT&city=PLANTATION
70,HIGH,3635 SW NATURA AVE,DEERFIELD BEACH,33441,"GUTSTEIN,TILLIE",205950,Single Family,1975,1072,Absentee owner; Litigation pending (pre-foreclosure); Probate filing; Lien on property,lis_pendens 11/17/2025; probate 11/15/2024; satisfaction 06/10/2025; lien 04/24/2025,"GUTSTEIN,TILLIE",3635 SW NATURA AVE #A,DEERFIELD BEACH,FLORIDA,33441,https://title.rootz.global/p/farm?address=3635%20SW%20NATURA%20AVE&city=DEERFIELD%20BEACH
70,HIGH,1003 SE 6 ST,DEERFIELD BEACH,33441,"BROWN,MICHAEL",594410,Single Family,1967,1425,Litigation pending (pre-foreclosure); Probate filing; Lien on property; Foreclosure judgment,deed_transfer 12/15/2025; lis_pendens 12/15/2025; satisfaction 12/08/2025; probate 11/14/2025; lien 10/27/2025,"BROWN,MICHAEL",1003 SE 6 ST,DEERFIELD BEACH,FLORIDA,33441,https://title.rootz.global/p/farm?address=1003%20SE%206%20ST&city=DEERFIELD%20BEACH
70,HIGH,6648 SW 41 ST,DAVIE,33314,"TURNER,JOHN",303890,Condo,1973,1420,Absentee owner; Litigation pending (pre-foreclosure); Probate filing; Lien on property,probate 11/19/2025; satisfaction 10/24/2024; lis_pendens 09/24/2024; lien 08/07/2024,"TURNER,JOHN",6648 SW 41 ST #6648,DAVIE,FLORIDA,33314,https://title.rootz.global/p/farm?address=6648%20SW%2041%20ST&city=DAVIE
70,HIGH,6241 NW 18 ST,SUNRISE,33313,"WILLIAMS,MICHAEL",584810,Single Family,1969,2053,Litigation pending (pre-foreclosure); Probate filing; Lien on property; Foreclosure judgment,mortgage 12/29/2025; satisfaction 12/05/2025; final_judgment 10/22/2025; deed_transfer 09/11/2024; probate 07/22/2025,"WILLIAMS,MICHAEL",6241 NW 18 ST,SUNRISE,FLORIDA,33313,https://title.rootz.global/p/farm?address=6241%20NW%2018%20ST&city=SUNRISE
70,HIGH,4200 SW 153 TER,MIRAMAR,33027,"MARTINEZ,ROBERTO",510160,Single Family,1996,1769,Litigation pending (pre-foreclosure); Probate filing; Lien on property; Foreclosure judgment,deed_transfer 12/22/2025; satisfaction 11/15/2024; mortgage 09/12/2024; lis_pendens 06/25/2025; final_judgment 06/12/2024,"MARTINEZ,ROBERTO",4200 SW 153 TER,MIRAMAR,FLORIDA,33027,https://title.rootz.global/p/farm?address=4200%20SW%20153%20TER&city=MIRAMAR
69,MEDIUM,1707 WHITEHALL DR,DAVIE,33324,"NAPOLI,ROSE",272890,Condo,1984,1385,Out-of-state absentee; No homestead; Litigation pending (pre-foreclosure); Lien on property; Death certificate recorded,death 12/16/2025; lien 02/09/2024; lis_pendens 01/24/2025,"NAPOLI,ROSE",214 STONY BRANCH RD,W JEFFERSON,NORTH CAROLINA,28694,https://title.rootz.global/p/farm?address=1707%20WHITEHALL%20DR&city=DAVIE
67,MEDIUM,6721 NE 21 RD,FORT LAUDERDALE,33308,2018-3 IH BORROWER LP,782560,Single Family,1969,2576,Out-of-state absentee; No homestead; Litigation pending (pre-foreclosure); Lien on property; Foreclosure judgment,satisfaction 12/09/2025; deed_transfer 12/02/2025; final_judgment 11/27/2024; lien 11/06/2025; lis_pendens 10/06/2025,2018-3 IH BORROWER LP,1717 MAIN ST #2000,DALLAS,TEXAS,75201,https://title.rootz.global/p/farm?address=6721%20NE%2021%20RD&city=FORT%20LAUDERDALE
67,MEDIUM,6864 NW 28 AVE,FORT LAUDERDALE,33309,THR FLORIDA LP,439810,Single Family,1978,1536,Out-of-state absentee; No homestead; Litigation pending (pre-foreclosure); Lien on property; Foreclosure judgment,satisfaction 12/30/2025; final_judgment 12/11/2025; lien 12/09/2024; deed_transfer 11/27/2024; lis_pendens 09/18/2025,THR FLORIDA LP,1717 MAIN ST #2000,DALLAS,TEXAS,75201,https://title.rootz.global/p/farm?address=6864%20NW%2028%20AVE&city=FORT%20LAUDERDALE
67,MEDIUM,1600 NE 63 CT,FORT LAUDERDALE,33334,2018-3 IH BORROWER LP,742580,Single Family,1961,1563,Out-of-state absentee; No homestead; Litigation pending (pre-foreclosure); Lien on property; Foreclosure judgment,satisfaction 12/09/2025; deed_transfer 12/02/2025; final_judgment 11/27/2024; lien 11/06/2025; lis_pendens 10/06/2025,2018-3 IH BORROWER LP,1717 MAIN ST #2000,DALLAS,TEXAS,75201,https://title.rootz.global/p/farm?address=1600%20NE%2063%20CT&city=FORT%20LAUDERDALE
67,MEDIUM,6700 NW 28 WAY,FORT LAUDERDALE,33309,THR FLORIDA LP,554620,Single Family,1978,1951,Out-of-state absentee; No homestead; Litigation pending (pre-foreclosure); Lien on property; Foreclosure judgment,satisfaction 12/30/2025; final_judgment 12/11/2025; lien 12/09/2024; deed_transfer 11/27/2024; lis_pendens 09/18/2025,THR FLORIDA LP,1717 MAIN ST STE 200,DALLAS,TEXAS,75201,https://title.rootz.global/p/farm?address=6700%20NW%2028%20WAY&city=FORT%20LAUDERDALE
67,MEDIUM,5842 NW 119 DR,CORAL SPRINGS,33076,IH3 PROPERTY FLORIDA LP,577200,Single Family,2002,2249,Out-of-state absentee; No homestead; Litigation pending (pre-foreclosure); Lien on property; Foreclosure judgment,final_judgment 12/29/2025; deed_transfer 12/18/2025; satisfaction 12/18/2025; lis_pendens 10/16/2025; lien 07/16/2025,IH3 PROPERTY FLORIDA LP,1717 MAIN ST #2000,DALLAS,TEXAS,75201,https://title.rootz.global/p/farm?address=5842%20NW%20119%20DR&city=CORAL%20SPRINGS
67,MEDIUM,5817 NW 125 AVE,CORAL SPRINGS,33076,THR FLORIDA LP,747290,Single Family,2001,3417,Out-of-state absentee; No homestead; Litigation pending (pre-foreclosure); Lien on property; Foreclosure judgment,satisfaction 12/30/2025; final_judgment 12/11/2025; lien 12/09/2024; deed_transfer 11/27/2024; lis_pendens 09/18/2025,THR FLORIDA LP,1717 MAIN ST #2000,DALLAS,TEXAS,75201,https://title.rootz.global/p/farm?address=5817%20NW%20125%20AVE&city=CORAL%20SPRINGS
67,MEDIUM,5821 NW 122 WAY,CORAL SPRINGS,33076,2018-3 IH BORROWER LP,605440,Single Family,2001,2327,Out-of-state absentee; No homestead; Litigation pending (pre-foreclosure); Lien on property; Foreclosure judgment,satisfaction 12/09/2025; deed_transfer 12/02/2025; final_judgment 11/27/2024; lien 11/06/2025; lis_pendens 10/06/2025,2018-3 IH BORROWER LP,1717 MAIN ST #2000,DALLAS,TEXAS,75201,https://title.rootz.global/p/farm?address=5821%20NW%20122%20WAY&city=CORAL%20SPRINGS
67,MEDIUM,12257 NW 57 ST,CORAL SPRINGS,33076,IH3 PROPERTY FLORIDA LP,546650,Single Family,1999,2334,Out-of-state absentee; No homestead; Litigation pending (pre-foreclosure); Lien on property; Foreclosure judgment,final_judgment 12/29/2025; deed_transfer 12/18/2025; satisfaction 12/18/2025; lis_pendens 10/16/2025; lien 07/16/2025,IH3 PROPERTY FLORIDA LP,1717 MAIN ST #2000,DALLAS,TEXAS,75201,https://title.rootz.global/p/farm?address=12257%20NW%2057%20ST&city=CORAL%20SPRINGS
67,MEDIUM,5633 NW 106 WAY,CORAL SPRINGS,33076,IH3 PROPERTY FLORIDA LP,686940,Single Family,1998,2971,Out-of-state absentee; No homestead; Litigation pending (pre-foreclosure); Lien on property; Foreclosure judgment,final_judgment 12/29/2025; deed_transfer 12/18/2025; satisfaction 12/18/2025; lis_pendens 10/16/2025; lien 07/16/2025,IH3 PROPERTY FLORIDA LP,1717 MAIN ST #2000,DALLAS,TEXAS,75201,https://title.rootz.global/p/farm?address=5633%20NW%20106%20WAY&city=CORAL%20SPRINGS
67,MEDIUM,12615 NW 56 DR,CORAL SPRINGS,33076,IH3 PROPERTY FLORIDA LP,511430,Single Family,2001,2107,Out-of-state absentee; No homestead; Litigation pending (pre-foreclosure); Lien on property; Foreclosure judgment,final_judgment 12/29/2025; deed_transfer 12/18/2025; satisfaction 12/18/2025; lis_pendens 10/16/2025; lien 07/16/2025,IH3 PROPERTY FLORIDA LP,1717 MAIN ST #2000,DALLAS,TEXAS,75201,https://title.rootz.global/p/farm?address=12615%20NW%2056%20DR&city=CORAL%20SPRINGS
67,MEDIUM,9951 NW 56 PL,CORAL SPRINGS,33076,IH3 PROPERTY FLORIDA LP,336980,Single Family,1998,1089,Out-of-state absentee; No homestead; Litigation pending (pre-foreclosure); Lien on property; Foreclosure judgment,final_judgment 12/29/2025; deed_transfer 12/18/2025; satisfaction 12/18/2025; lis_pendens 10/16/2025; lien 07/16/2025,IH3 PROPERTY FLORIDA LP,1717 MAIN ST #2000,DALLAS,TEXAS,75201,https://title.rootz.global/p/farm?address=9951%20NW%2056%20PL&city=CORAL%20SPRINGS
67,MEDIUM,10570 NW 57 ST,CORAL SPRINGS,33076,IH3 PROPERTY FLORIDA LP,471650,Single Family,2002,2112,Out-of-state absentee; No homestead; Litigation pending (pre-foreclosure); Lien on property; Foreclosure judgment,final_judgment 12/29/2025; deed_transfer 12/18/2025; satisfaction 12/18/2025; lis_pendens 10/16/2025; lien 07/16/2025,IH3 PROPERTY FLORIDA LP,1717 MAIN ST #2000,DALLAS,TEXAS,75201,https://title.rootz.global/p/farm?address=10570%20NW%2057%20ST&city=CORAL%20SPRINGS
67,MEDIUM,5514 NW 106 DR,CORAL SPRINGS,33076,IH3 PROPERTY FLORIDA LP,534010,Single Family,1995,2244,Out-of-state absentee; No homestead; Litigation pending (pre-foreclosure); Lien on property; Foreclosure judgment,final_judgment 12/29/2025; deed_transfer 12/18/2025; satisfaction 12/18/2025; lis_pendens 10/16/2025; lien 07/16/2025,IH3 PROPERTY FLORIDA LP,1717 MAIN ST #2000,DALLAS,TEXAS,75201,https://title.rootz.global/p/farm?address=5514%20NW%20106%20DR&city=CORAL%20SPRINGS
67,MEDIUM,5459 NW 120 AVE,CORAL SPRINGS,33076,IH3 PROPERTY FLORIDA LP,508650,Single Family,1998,2142,Out-of-state absentee; No homestead; Litigation pending (pre-foreclosure); Lien on property; Foreclosure judgment,final_judgment 12/29/2025; deed_transfer 12/18/2025; satisfaction 12/18/2025; lis_pendens 10/16/2025; lien 07/16/2025,IH3 PROPERTY FLORIDA LP,1717 MAIN ST #2000,DALLAS,TEXAS,75201,https://title.rootz.global/p/farm?address=5459%20NW%20120%20AVE&city=CORAL%20SPRINGS
67,MEDIUM,5564 NW 57 WAY,CORAL SPRINGS,33067,THR FLORIDA LP,725860,Single Family,1996,3081,Out-of-state absentee; No homestead; Litigation pending (pre-foreclosure); Lien on property; Foreclosure judgment,satisfaction 12/30/2025; final_judgment 12/11/2025; lien 12/09/2024; deed_transfer 11/27/2024; lis_pendens 09/18/2025,THR FLORIDA LP,1717 MAIN ST #2000,DALLAS,TEXAS,75201,https://title.rootz.global/p/farm?address=5564%20NW%2057%20WAY&city=CORAL%20SPRINGS
67,MEDIUM,12345 NW 55 ST,CORAL SPRINGS,33076,IH3 PROPERTY FLORIDA LP,510050,Single Family,1999,2013,Out-of-state absentee; No homestead; Litigation pending (pre-foreclosure); Lien on property; Foreclosure judgment,final_judgment 12/29/2025; deed_transfer 12/18/2025; satisfaction 12/18/2025; lis_pendens 10/16/2025; lien 07/16/2025,IH3 PROPERTY FLORIDA LP,1717 MAIN ST #2000,DALLAS,TEXAS,75201,https://title.rootz.global/p/farm?address=12345%20NW%2055%20ST&city=CORAL%20SPRINGS
67,MEDIUM,5463 NW 58 TER,CORAL SPRINGS,33067,2018-3 IH BORROWER LP,578020,Single Family,1988,2274,Out-of-state absentee; No homestead; Litigation pending (pre-foreclosure); Lien on property; Foreclosure judgment,satisfaction 12/09/2025; deed_transfer 12/02/2025; final_judgment 11/27/2024; lien 11/06/2025; lis_pendens 10/06/2025,2018-3 IH BORROWER LP,1717 MAIN ST #2000,DALLAS,TEXAS,75201,https://title.rootz.global/p/farm?address=5463%20NW%2058%20TER&city=CORAL%20SPRINGS
67,MEDIUM,5454 NW 87 TER,CORAL SPRINGS,33067,THR FLORIDA LP,841960,Single Family,1990,3622,Out-of-state absentee; No homestead; Litigation pending (pre-foreclosure); Lien on property; Foreclosure judgment,satisfaction 12/30/2025; final_judgment 12/11/2025; lien 12/09/2024; deed_transfer 11/27/2024; lis_pendens 09/18/2025,THR FLORIDA LP,1717 MAIN ST #2000,DALLAS,TEXAS,75201,https://title.rootz.global/p/farm?address=5454%20NW%2087%20TER&city=CORAL%20SPRINGS
67,MEDIUM,5529 NW 62 AVE,CORAL SPRINGS,33067,IH3 PROPERTY FLORIDA LP,641830,Single Family,1989,2485,Out-of-state absentee; No homestead; Litigation pending (pre-foreclosure); Lien on property; Foreclosure judgment,final_judgment 12/29/2025; deed_transfer 12/18/2025; satisfaction 12/18/2025; lis_pendens 10/16/2025; lien 07/16/2025,IH3 PROPERTY FLORIDA LP,1717 MAIN ST #2000,DALLAS,TEXAS,75201,https://title.rootz.global/p/farm?address=5529%20NW%2062%20AVE&city=CORAL%20SPRINGS
67,MEDIUM,5347 NW 99 LN,CORAL SPRINGS,33076,IH4 PROPERTY FLORIDA L P,568890,Single Family,1995,2397,Out-of-state absentee; No homestead; Litigation pending (pre-foreclosure); Lien on property; Foreclosure judgment,deed_transfer 12/31/2025; lien 12/30/2024; final_judgment 12/01/2025; lis_pendens 06/20/2025; satisfaction 04/08/2025,IH4 PROPERTY FLORIDA L P,1717 MAIN ST #2000,DALLAS,TEXAS,75201,https://title.rootz.global/p/farm?address=5347%20NW%2099%20LN&city=CORAL%20SPRINGS
67,MEDIUM,5926 NW 54 DR,CORAL SPRINGS,33067,2018-3 IH BORROWER LP,671450,Single Family,1988,2521,Out-of-state absentee; No homestead; Litigation pending (pre-foreclosure); Lien on property; Foreclosure judgment,satisfaction 12/09/2025; deed_transfer 12/02/2025; final_judgment 11/27/2024; lien 11/06/2025; lis_pendens 10/06/2025,2018-3 IH BORROWER LP,1717 MAIN ST #2000,DALLAS,TEXAS,75201,https://title.rootz.global/p/farm?address=5926%20NW%2054%20DR&city=CORAL%20SPRINGS
67,MEDIUM,10309 NW 52 ST,CORAL SPRINGS,33076,THR FLORIDA LP,648630,Single Family,1996,2699,Out-of-state absentee; No homestead; Litigation pending (pre-foreclosure); Lien on property; Foreclosure judgment,satisfaction 12/30/2025; final_judgment 12/11/2025; lien 12/09/2024; deed_transfer 11/27/2024; lis_pendens 09/18/2025,THR FLORIDA LP,1717 MAIN ST #2000,DALLAS,TEXAS,75201,https://title.rootz.global/p/farm?address=10309%20NW%2052%20ST&city=CORAL%20SPRINGS
67,MEDIUM,7645 NW 23 ST,PEMBROKE PINES,33024,IH3 PROPERTY FLORIDA LP,641620,Single Family,2003,2475,Out-of-state absentee; No homestead; Litigation pending (pre-foreclosure); Lien on property; Foreclosure judgment,final_judgment 12/29/2025; deed_transfer 12/18/2025; satisfaction 12/18/2025; lis_pendens 10/16/2025; lien 07/16/2025,IH3 PROPERTY FLORIDA LP,1717 MAIN ST #2000,DALLAS,TEXAS,75201,https://title.rootz.global/p/farm?address=7645%20NW%2023%20ST&city=PEMBROKE%20PINES
67,MEDIUM,2282 NW 76 TER,PEMBROKE PINES,33024,IH3 PROPERTY FLORIDA LP,627130,Single Family,2003,2506,Out-of-state absentee; No homestead; Litigation pending (pre-foreclosure); Lien on property; Foreclosure judgment,final_judgment 12/29/2025; deed_transfer 12/18/2025; satisfaction 12/18/2025; lis_pendens 10/16/2025; lien 07/16/2025,IH3 PROPERTY FLORIDA LP,1717 MAIN ST #2000,DALLAS,TEXAS,75201,https://title.rootz.global/p/farm?address=2282%20NW%2076%20TER&city=PEMBROKE%20PINES
67,MEDIUM,2189 NW 75 WAY,PEMBROKE PINES,33024,THR FLORIDA LP,501420,Single Family,2003,1876,Out-of-state absentee; No homestead; Litigation pending (pre-foreclosure); Lien on property; Foreclosure judgment,satisfaction 12/30/2025; final_judgment 12/11/2025; lien 12/09/2024; deed_transfer 11/27/2024; lis_pendens 09/18/2025,THR FLORIDA LP,1717 MAIN ST STE 200,DALLAS,TEXAS,75201,https://title.rootz.global/p/farm?address=2189%20NW%2075%20WAY&city=PEMBROKE%20PINES
67,MEDIUM,2188 NW 72 TER,PEMBROKE PINES,33024,THR FLORIDA LP,548540,Single Family,2003,2132,Out-of-state absentee; No homestead; Litigation pending (pre-foreclosure); Lien on property; Foreclosure judgment,satisfaction 12/30/2025; final_judgment 12/11/2025; lien 12/09/2024; deed_transfer 11/27/2024; lis_pendens 09/18/2025,THR FLORIDA LP,1717 MAIN ST STE 200,DALLAS,TEXAS,75201,https://title.rootz.global/p/farm?address=2188%20NW%2072%20TER&city=PEMBROKE%20PINES
67,MEDIUM,2193 NW 72 WAY,PEMBROKE PINES,33024,IH3 PROPERTY FLORIDA LP,562840,Single Family,2003,2320,Out-of-state absentee; No homestead; Litigation pending (pre-foreclosure); Lien on property; Foreclosure judgment,final_judgment 12/29/2025; deed_transfer 12/18/2025; satisfaction 12/18/2025; lis_pendens 10/16/2025; lien 07/16/2025,IH3 PROPERTY FLORIDA LP,1717 MAIN ST #2000,DALLAS,TEXAS,75201,https://title.rootz.global/p/farm?address=2193%20NW%2072%20WAY&city=PEMBROKE%20PINES
67,MEDIUM,2120 NW 76 TER,PEMBROKE PINES,33024,IH3 PROPERTY FLORIDA LP,640780,Single Family,2003,2405,Out-of-state absentee; No homestead; Litigation pending (pre-foreclosure); Lien on property; Foreclosure judgment,final_judgment 12/29/2025; deed_transfer 12/18/2025; satisfaction 12/18/2025; lis_pendens 10/16/2025; lien 07/16/2025,IH3 PROPERTY FLORIDA LP,1717 MAIN ST #2000,DALLAS,TEXAS,75201,https://title.rootz.global/p/farm?address=2120%20NW%2076%20TER&city=PEMBROKE%20PINES
67,MEDIUM,2377 NW 160 TER,PEMBROKE PINES,33028,IH3 PROPERTY FLORIDA LP,408340,Single Family,1997,1281,Out-of-state absentee; No homestead; Litigation pending (pre-foreclosure); Lien on property; Foreclosure judgment,final_judgment 12/29/2025; deed_transfer 12/18/2025; satisfaction 12/18/2025; lis_pendens 10/16/2025; lien 07/16/2025,IH3 PROPERTY FLORIDA LP,1717 MAIN ST #2000,DALLAS,TEXAS,75201,https://title.rootz.global/p/farm?address=2377%20NW%20160%20TER&city=PEMBROKE%20PINES
67,MEDIUM,8750 PASADENA BLVD,PEMBROKE PINES,33024,2018-3 IH BORROWER LP,528590,Single Family,1977,1862,Out-of-state absentee; No homestead; Litigation pending (pre-foreclosure); Lien on property; Foreclosure judgment,satisfaction 12/09/2025; deed_transfer 12/02/2025; final_judgment 11/27/2024; lien 11/06/2025; lis_pendens 10/06/2025,2018-3 IH BORROWER LP,1717 MAIN ST #2000,DALLAS,TEXAS,75201,https://title.rootz.global/p/farm?address=8750%20PASADENA%20BLVD&city=PEMBROKE%20PINES
67,MEDIUM,2351 NW 157 AVE,PEMBROKE PINES,33028,IH3 PROPERTY FLORIDA LP,580600,Single Family,2000,2276,Out-of-state absentee; No homestead; Litigation pending (pre-foreclosure); Lien on property; Foreclosure judgment,final_judgment 12/29/2025; deed_transfer 12/18/2025; satisfaction 12/18/2025; lis_pendens 10/16/2025; lien 07/16/2025,IH3 PROPERTY FLORIDA LP,1717 MAIN ST #2000,DALLAS,TEXAS,75201,https://title.rootz.global/p/farm?address=2351%20NW%20157%20AVE&city=PEMBROKE%20PINES
67,MEDIUM,2312 NW 162 TER,PEMBROKE PINES,33028,IH3 PROPERTY FLORIDA LP,596610,Single Family,1997,2363,Out-of-state absentee; No homestead; Litigation pending (pre-foreclosure); Lien on property; Foreclosure judgment,final_judgment 12/29/2025; deed_transfer 12/18/2025; satisfaction 12/18/2025; lis_pendens 10/16/2025; lien 07/16/2025,IH3 PROPERTY FLORIDA LP,1717 MAIN ST #2000,DALLAS,TEXAS,75201,https://title.rootz.global/p/farm?address=2312%20NW%20162%20TER&city=PEMBROKE%20PINES
67,MEDIUM,7975 NW 20 ST,PEMBROKE PINES,33024,2017-2 IH BORROWER LP,457350,Single Family,2002,1657,Out-of-state absentee; No homestead; Litigation pending (pre-foreclosure); Lien on property; Foreclosure judgment,lis_pendens 12/24/2025; deed_transfer 12/18/2025; lien 12/18/2025; satisfaction 12/16/2024; final_judgment 10/06/2025,2017-2 IH BORROWER LP,1717 MAIN ST #2000,DALLAS,TEXAS,75201,https://title.rootz.global/p/farm?address=7975%20NW%2020%20ST&city=PEMBROKE%20PINES
67,MEDIUM,11950 NW 27 ST,PLANTATION,33323,THR FLORIDA LP,1058670,Single Family,1982,4461,Out-of-state absentee; No homestead; Litigation pending (pre-foreclosure); Lien on property; Foreclosure judgment,satisfaction 12/30/2025; final_judgment 12/11/2025; lien 12/09/2024; deed_transfer 11/27/2024; lis_pendens 09/18/2025,THR FLORIDA LP,1717 MAIN ST #2000,DALLAS,TEXAS,75201,https://title.rootz.global/p/farm?address=11950%20NW%2027%20ST&city=PLANTATION
67,MEDIUM,9821 NW 18 MNR,PLANTATION,33322,IH3 PROPERTY FLORIDA LP,538840,Single Family,1989,1965,Out-of-state absentee; No homestead; Litigation pending (pre-foreclosure); Lien on property; Foreclosure judgment,final_judgment 12/29/2025; deed_transfer 12/18/2025; satisfaction 12/18/2025; lis_pendens 10/16/2025; lien 07/16/2025,IH3 PROPERTY FLORIDA LP,1717 MAIN ST #2000,DALLAS,TEXAS,75201,https://title.rootz.global/p/farm?address=9821%20NW%2018%20MNR&city=PLANTATION
67,MEDIUM,1871 NW 107 TER,PLANTATION,33322,IH3 PROPERTY FLORIDA LP,694840,Single Family,1990,3301,Out-of-state absentee; No homestead; Litigation pending (pre-foreclosure); Lien on property; Foreclosure judgment,final_judgment 12/29/2025; deed_transfer 12/18/2025; satisfaction 12/18/2025; lis_pendens 10/16/2025; lien 07/16/2025,IH3 PROPERTY FLORIDA LP,1717 MAIN ST #2000,DALLAS,TEXAS,75201,https://title.rootz.global/p/farm?address=1871%20NW%20107%20TER&city=PLANTATION
67,MEDIUM,1860 NW 106 TER,PLANTATION,33322,IH3 PROPERTY FLORIDA LP,657680,Single Family,1990,2974,Out-of-state absentee; No homestead; Litigation pending (pre-foreclosure); Lien on property; Foreclosure judgment,final_judgment 12/29/2025; deed_transfer 12/18/2025; satisfaction 12/18/2025; lis_pendens 10/16/2025; lien 07/16/2025,IH3 PROPERTY FLORIDA LP,1717 MAIN ST #2000,DALLAS,TEXAS,75201,https://title.rootz.global/p/farm?address=1860%20NW%20106%20TER&city=PLANTATION
67,MEDIUM,9520 NW 18 PL,PLANTATION,33322,IH3 PROPERTY FLORIDA LP,640500,Single Family,1994,2480,Out-of-state absentee; No homestead; Litigation pending (pre-foreclosure); Lien on property; Foreclosure judgment,final_judgment 12/29/2025; deed_transfer 12/18/2025; satisfaction 12/18/2025; lis_pendens 10/16/2025; lien 07/16/2025,IH3 PROPERTY FLORIDA LP,1717 MAIN ST #2000,DALLAS,TEXAS,75201,https://title.rootz.global/p/farm?address=9520%20NW%2018%20PL&city=PLANTATION
67,MEDIUM,9560 NW 18 PL,PLANTATION,33322,IH3 PROPERTY FLORIDA LP,718180,Single Family,1989,2670,Out-of-state absentee; No homestead; Litigation pending (pre-foreclosure); Lien on property; Foreclosure judgment,final_judgment 12/29/2025; deed_transfer 12/18/2025; satisfaction 12/18/2025; lis_pendens 10/16/2025; lien 07/16/2025,IH3 PROPERTY FLORIDA LP,1717 MAIN ST #2000,DALLAS,TEXAS,75201,https://title.rootz.global/p/farm?address=9560%20NW%2018%20PL&city=PLANTATION
67,MEDIUM,1770 NW 104 AVE,PLANTATION,33322,IH3 PROPERTY FLORIDA LP,608500,Single Family,1992,2422,Out-of-state absentee; No homestead; Litigation pending (pre-foreclosure); Lien on property; Foreclosure judgment,final_judgment 12/29/2025; deed_transfer 12/18/2025; satisfaction 12/18/2025; lis_pendens 10/16/2025; lien 07/16/2025,IH3 PROPERTY FLORIDA LP,1717 MAIN ST #2000,DALLAS,TEXAS,75201,https://title.rootz.global/p/farm?address=1770%20NW%20104%20AVE&city=PLANTATION
67,MEDIUM,7501 NW 14 ST,PLANTATION,33313,THR FLORIDA LP,610830,Single Family,1973,2074,Out-of-state absentee; No homestead; Litigation pending (pre-foreclosure); Lien on property; Foreclosure judgment,satisfaction 12/30/2025; final_judgment 12/11/2025; lien 12/09/2024; deed_transfer 11/27/2024; lis_pendens 09/18/2025,THR FLORIDA LP,1717 MAIN ST #2000,DALLAS,TEXAS,75201,https://title.rootz.global/p/farm?address=7501%20NW%2014%20ST&city=PLANTATION
67,MEDIUM,7521 NW 13 CT,PLANTATION,33313,2018-3 IH BORROWER LP,603730,Single Family,1973,2313,Out-of-state absentee; No homestead; Litigation pending (pre-foreclosure); Lien on property; Foreclosure judgment,satisfaction 12/09/2025; deed_transfer 12/02/2025; final_judgment 11/27/2024; lien 11/06/2025; lis_pendens 10/06/2025,2018-3 IH BORROWER LP,1717 MAIN ST #2000,DALLAS,TEXAS,75201,https://title.rootz.global/p/farm?address=7521%20NW%2013%20CT&city=PLANTATION
67,MEDIUM,9080 NW 13 ST,PLANTATION,33322,THR FLORIDA LP,633780,Single Family,1979,2598,Out-of-state absentee; No homestead; Litigation pending (pre-foreclosure); Lien on property; Foreclosure judgment,satisfaction 12/30/2025; final_judgment 12/11/2025; lien 12/09/2024; deed_transfer 11/27/2024; lis_pendens 09/18/2025,THR FLORIDA LP,1717 MAIN ST #2000,DALLAS,TEXAS,75201,https://title.rootz.global/p/farm?address=9080%20NW%2013%20ST&city=PLANTATION
67,MEDIUM,9070 NW 13 ST,PLANTATION,33322,2017-2 IH BORROWER LP,649480,Single Family,1983,2820,Out-of-state absentee; No homestead; Litigation pending (pre-foreclosure); Lien on property; Foreclosure judgment,lis_pendens 12/24/2025; deed_transfer 12/18/2025; lien 12/18/2025; satisfaction 12/16/2024; final_judgment 10/06/2025,2017-2 IH BORROWER LP,1717 MAIN ST #2000,DALLAS,TEXAS,75201,https://title.rootz.global/p/farm?address=9070%20NW%2013%20ST&city=PLANTATION
67,MEDIUM,10941 NW 12 PL,PLANTATION,33322,THR FLORIDA LP,537570,Single Family,1994,1761,Out-of-state absentee; No homestead; Litigation pending (pre-foreclosure); Lien on property; Foreclosure judgment,satisfaction 12/30/2025; final_judgment 12/11/2025; lien 12/09/2024; deed_transfer 11/27/2024; lis_pendens 09/18/2025,THR FLORIDA LP,1717 MAIN ST #2000,DALLAS,TEXAS,75201,https://title.rootz.global/p/farm?address=10941%20NW%2012%20PL&city=PLANTATION
67,MEDIUM,692 NW 38 TER,DEERFIELD BEACH,33442,2018-3 IH BORROWER LP,578080,Single Family,1987,1887,Out-of-state absentee; No homestead; Litigation pending (pre-foreclosure); Lien on property; Foreclosure judgment,satisfaction 12/09/2025; deed_transfer 12/02/2025; final_judgment 11/27/2024; lien 11/06/2025; lis_pendens 10/06/2025,2018-3 IH BORROWER LP,1717 MAIN ST #2000,DALLAS,TEXAS,75201,https://title.rootz.global/p/farm?address=692%20NW%2038%20TER&city=DEERFIELD%20BEACH
67,MEDIUM,611 NW 47 AVE,DEERFIELD BEACH,33442,IH3 PROPERTY FLORIDA LP,476420,Single Family,1991,1784,Out-of-state absentee; No homestead; Litigation pending (pre-foreclosure); Lien on property; Foreclosure judgment,final_judgment 12/29/2025; deed_transfer 12/18/2025; satisfaction 12/18/2025; lis_pendens 10/16/2025; lien 07/16/2025,IH3 PROPERTY FLORIDA LP,1717 MAIN ST #2000,DALLAS,TEXAS,75201,https://title.rootz.global/p/farm?address=611%20NW%2047%20AVE&city=DEERFIELD%20BEACH
67,MEDIUM,2016 DEER CREEK WILDWOOD LN N,DEERFIELD BEACH,33442,2018-3 IH BORROWER LP,381360,Single Family,1981,1781,Out-of-state absentee; No homestead; Litigation pending (pre-foreclosure); Lien on property; Foreclosure judgment,satisfaction 12/09/2025; deed_transfer 12/02/2025; final_judgment 11/27/2024; lien 11/06/2025; lis_pendens 10/06/2025,2018-3 IH BORROWER LP,1717 MAIN ST #2000,DALLAS,TEXAS,75201,https://title.rootz.global/p/farm?address=2016%20DEER%20CREEK%20WILDWOOD%20LN%20N&city=DEERFIELD%20BEACH
67,MEDIUM,381 DEER CREEK WILDWOOD LN E,DEERFIELD BEACH,33442,THR FLORIDA LP,363620,Single Family,1982,1614,Out-of-state absentee; No homestead; Litigation pending (pre-foreclosure); Lien on property; Foreclosure judgment,satisfaction 12/30/2025; final_judgment 12/11/2025; lien 12/09/2024; deed_transfer 11/27/2024; lis_pendens 09/18/2025,THR FLORIDA LP,1717 MAIN ST #2000,DALLAS,TEXAS,75201,https://title.rootz.global/p/farm?address=381%20DEER%20CREEK%20WILDWOOD%20LN%20E&city=DEERFIELD%20BEACH
67,MEDIUM,4727 NW 3 CT,DEERFIELD BEACH,33442,IH3 PROPERTY FLORIDA LP,537240,Single Family,1993,2577,Out-of-state absentee; No homestead; Litigation pending (pre-foreclosure); Lien on property; Foreclosure judgment,final_judgment 12/29/2025; deed_transfer 12/18/2025; satisfaction 12/18/2025; lis_pendens 10/16/2025; lien 07/16/2025,IH3 PROPERTY FLORIDA LP,1717 MAIN ST #2000,DALLAS,TEXAS,75201,https://title.rootz.global/p/farm?address=4727%20NW%203%20CT&city=DEERFIELD%20BEACH
67,MEDIUM,361 NW 48 AVE,DEERFIELD BEACH,33442,IH3 PROPERTY FLORIDA LP,406850,Single Family,1991,1784,Out-of-state absentee; No homestead; Litigation pending (pre-foreclosure); Lien on property; Foreclosure judgment,final_judgment 12/29/2025; deed_transfer 12/18/2025; satisfaction 12/18/2025; lis_pendens 10/16/2025; lien 07/16/2025,IH3 PROPERTY FLORIDA LP,1717 MAIN ST #2000,DALLAS,TEXAS,75201,https://title.rootz.global/p/farm?address=361%20NW%2048%20AVE&city=DEERFIELD%20BEACH
67,MEDIUM,333 NW 48 AVE,DEERFIELD BEACH,33442,2018-3 IH BORROWER LP,578900,Single Family,1992,2577,Out-of-state absentee; No homestead; Litigation pending (pre-foreclosure); Lien on property; Foreclosure judgment,satisfaction 12/09/2025; deed_transfer 12/02/2025; final_judgment 11/27/2024; lien 11/06/2025; lis_pendens 10/06/2025,2018-3 IH BORROWER LP,1717 MAIN ST #2000,DALLAS,TEXAS,75201,https://title.rootz.global/p/farm?address=333%20NW%2048%20AVE&city=DEERFIELD%20BEACH
67,MEDIUM,1857 DEER CREEK WILDWOOD TRL,DEERFIELD BEACH,33442,THR FLORIDA LP,405970,Single Family,1982,1623,Out-of-state absentee; No homestead; Litigation pending (pre-foreclosure); Lien on property; Foreclosure judgment,satisfaction 12/30/2025; final_judgment 12/11/2025; lien 12/09/2024; deed_transfer 11/27/2024; lis_pendens 09/18/2025,THR FLORIDA LP,1717 MAIN ST #2000,DALLAS,TEXAS,75201,https://title.rootz.global/p/farm?address=1857%20DEER%20CREEK%20WILDWOOD%20TRL&city=DEERFIELD%20BEACH
67,MEDIUM,2962 DEER CREEK COUNTRY CLUB BLVD,DEERFIELD BEACH,33442,THR FLORIDA LP,387010,Single Family,2004,1679,Out-of-state absentee; No homestead; Litigation pending (pre-foreclosure); Lien on property; Foreclosure judgment,satisfaction 12/30/2025; final_judgment 12/11/2025; lien 12/09/2024; deed_transfer 11/27/2024; lis_pendens 09/18/2025,THR FLORIDA LP,1717 MAIN ST #2000,DALLAS,TEXAS,75201,https://title.rootz.global/p/farm?address=2962%20DEER%20CREEK%20COUNTRY%20CLUB%20BLVD&city=DEERFIELD%20BEACH
67,MEDIUM,4349 NW 1 PL,DEERFIELD BEACH,33442,IH3 PROPERTY FLORIDA LP,449240,Single Family,1997,1635,Out-of-state absentee; No homestead; Litigation pending (pre-foreclosure); Lien on property; Foreclosure judgment,final_judgment 12/29/2025; deed_transfer 12/18/2025; satisfaction 12/18/2025; lis_pendens 10/16/2025; lien 07/16/2025,IH3 PROPERTY FLORIDA LP,1717 MAIN ST #2000,DALLAS,TEXAS,75201,https://title.rootz.global/p/farm?address=4349%20NW%201%20PL&city=DEERFIELD%20BEACH
67,MEDIUM,4289 NW 1 PL,DEERFIELD BEACH,33442,IH3 PROPERTY FLORIDA LP,412150,Single Family,1999,1742,Out-of-state absentee; No homestead; Litigation pending (pre-foreclosure); Lien on property; Foreclosure judgment,final_judgment 12/29/2025; deed_transfer 12/18/2025; satisfaction 12/18/2025; lis_pendens 10/16/2025; lien 07/16/2025,IH3 PROPERTY FLORIDA LP,1717 MAIN ST #2000,DALLAS,TEXAS,75201,https://title.rootz.global/p/farm?address=4289%20NW%201%20PL&city=DEERFIELD%20BEACH
67,MEDIUM,3350 SW 1 CT,DEERFIELD BEACH,33442,2018-3 IH BORROWER LP,483310,Single Family,1978,1599,Out-of-state absentee; No homestead; Litigation pending (pre-foreclosure); Lien on property; Foreclosure judgment,satisfaction 12/09/2025; deed_transfer 12/02/2025; final_judgment 11/27/2024; lien 11/06/2025; lis_pendens 10/06/2025,2018-3 IH BORROWER LP,1717 MAIN ST #2000,DALLAS,TEXAS,75201,https://title.rootz.global/p/farm?address=3350%20SW%201%20CT&city=DEERFIELD%20BEACH
67,MEDIUM,1069 SW 42 TER,DEERFIELD BEACH,33442,IH3 PROPERTY FLORIDA LP,368400,Single Family,1999,1620,Out-of-state absentee; No homestead; Litigation pending (pre-foreclosure); Lien on property; Foreclosure judgment,final_judgment 12/29/2025; deed_transfer 12/18/2025; satisfaction 12/18/2025; lis_pendens 10/16/2025; lien 07/16/2025,IH3 PROPERTY FLORIDA LP,1717 MAIN ST #2000,DALLAS,TEXAS,75201,https://title.rootz.global/p/farm?address=1069%20SW%2042%20TER&city=DEERFIELD%20BEACH
67,MEDIUM,2664 SW 12 ST,DEERFIELD BEACH,33442,2018-3 IH BORROWER LP,523100,Single Family,1984,1741,Out-of-state absentee; No homestead; Litigation pending (pre-foreclosure); Lien on property; Foreclosure judgment,satisfaction 12/09/2025; deed_transfer 12/02/2025; final_judgment 11/27/2024; lien 11/06/2025; lis_pendens 10/06/2025,2018-3 IH BORROWER LP,1717 MAIN ST #2000,DALLAS,TEXAS,75201,https://title.rootz.global/p/farm?address=2664%20SW%2012%20ST&city=DEERFIELD%20BEACH
67,MEDIUM,1161 SW 44 WAY,DEERFIELD BEACH,33442,IH3 PROPERTY FLORIDA LP,365930,Single Family,1999,1348,Out-of-state absentee; No homestead; Litigation pending (pre-foreclosure); Lien on property; Foreclosure judgment,final_judgment 12/29/2025; deed_transfer 12/18/2025; satisfaction 12/18/2025; lis_pendens 10/16/2025; lien 07/16/2025,IH3 PROPERTY FLORIDA LP,1717 MAIN ST #2000,DALLAS,TEXAS,75201,https://title.rootz.global/p/farm?address=1161%20SW%2044%20WAY&city=DEERFIELD%20BEACH
67,MEDIUM,1265 SW 48 TER,DEERFIELD BEACH,33442,IH3 PROPERTY FLORIDA LP,368420,Single Family,2001,1699,Out-of-state absentee; No homestead; Litigation pending (pre-foreclosure); Lien on property; Foreclosure judgment,final_judgment 12/29/2025; deed_transfer 12/18/2025; satisfaction 12/18/2025; lis_pendens 10/16/2025; lien 07/16/2025,IH3 PROPERTY FLORIDA LP,1717 MAIN ST #2000,DALLAS,TEXAS,75201,https://title.rootz.global/p/farm?address=1265%20SW%2048%20TER&city=DEERFIELD%20BEACH
67,MEDIUM,1441 SW 5 AVE,DEERFIELD BEACH,33441,2018-3 IH BORROWER LP,524920,Single Family,1975,1940,Out-of-state absentee; No homestead; Litigation pending (pre-foreclosure); Lien on property; Foreclosure judgment,satisfaction 12/09/2025; deed_transfer 12/02/2025; final_judgment 11/27/2024; lien 11/06/2025; lis_pendens 10/06/2025,2018-3 IH BORROWER LP,1717 MAIN ST #2000,DALLAS,TEXAS,75201,https://title.rootz.global/p/farm?address=1441%20SW%205%20AVE&city=DEERFIELD%20BEACH
67,MEDIUM,801 SE 15 ST,DEERFIELD BEACH,33441,2018-3 IH BORROWER LP,444920,Single Family,1964,1256,Out-of-state absentee; No homestead; Litigation pending (pre-foreclosure); Lien on property; Foreclosure judgment,satisfaction 12/09/2025; deed_transfer 12/02/2025; final_judgment 11/27/2024; lien 11/06/2025; lis_pendens 10/06/2025,2018-3 IH BORROWER LP,1717 MAIN ST #2000,DALLAS,TEXAS,75201,https://title.rootz.global/p/farm?address=801%20SE%2015%20ST&city=DEERFIELD%20BEACH
67,MEDIUM,166 E ROYAL COVE CIR,DAVIE,33325,IH3 PROPERTY FLORIDA LP,620690,Single Family,2001,2284,Out-of-state absentee; No homestead; Litigation pending (pre-foreclosure); Lien on property; Foreclosure judgment,final_judgment 12/29/2025; deed_transfer 12/18/2025; satisfaction 12/18/2025; lis_pendens 10/16/2025; lien 07/16/2025,IH3 PROPERTY FLORIDA LP,1717 MAIN ST #2000,DALLAS,TEXAS,75201,https://title.rootz.global/p/farm?address=166%20E%20ROYAL%20COVE%20CIR&city=DAVIE
67,MEDIUM,9283 NW 55 ST,SUNRISE,33351,IH3 PROPERTY FLORIDA LP,454880,Single Family,2002,1577,Out-of-state absentee; No homestead; Litigation pending (pre-foreclosure); Lien on property; Foreclosure judgment,final_judgment 12/29/2025; deed_transfer 12/18/2025; satisfaction 12/18/2025; lis_pendens 10/16/2025; lien 07/16/2025,IH3 PROPERTY FLORIDA LP,1717 MAIN ST #2000,DALLAS,TEXAS,75201,https://title.rootz.global/p/farm?address=9283%20NW%2055%20ST&city=SUNRISE
67,MEDIUM,9445 NW 55 ST,SUNRISE,33351,IH4 PROPERTY FLORIDA L P,464360,Single Family,2004,1657,Out-of-state absentee; No homestead; Litigation pending (pre-foreclosure); Lien on property; Foreclosure judgment,deed_transfer 12/31/2025; lien 12/30/2024; final_judgment 12/01/2025; lis_pendens 06/20/2025; satisfaction 04/08/2025,IH4 PROPERTY FLORIDA L P,1717 MAIN ST #2000,DALLAS,TEXAS,75201,https://title.rootz.global/p/farm?address=9445%20NW%2055%20ST&city=SUNRISE
67,MEDIUM,5487 NW 95 AVE,SUNRISE,33351,IH4 PROPERTY FLORIDA L P,430530,Single Family,2004,1810,Out-of-state absentee; No homestead; Litigation pending (pre-foreclosure); Lien on property; Foreclosure judgment,deed_transfer 12/31/2025; lien 12/30/2024; final_judgment 12/01/2025; lis_pendens 06/20/2025; satisfaction 04/08/2025,IH4 PROPERTY FLORIDA L P,1717 MAIN ST #2000,DALLAS,TEXAS,75201,https://title.rootz.global/p/farm?address=5487%20NW%2095%20AVE&city=SUNRISE
67,MEDIUM,5307 NW 90 AVE,SUNRISE,33351,2017-2 IH BORROWER LP,360280,Single Family,2000,1358,Out-of-state absentee; No homestead; Litigation pending (pre-foreclosure); Lien on property; Foreclosure judgment,lis_pendens 12/24/2025; deed_transfer 12/18/2025; lien 12/18/2025; satisfaction 12/16/2024; final_judgment 10/06/2025,2017-2 IH BORROWER LP,1717 MAIN ST #2000,DALLAS,TEXAS,75201,https://title.rootz.global/p/farm?address=5307%20NW%2090%20AVE&city=SUNRISE
67,MEDIUM,9215 NW 48 ST,SUNRISE,33351,2018-3 IH BORROWER LP,451690,Single Family,1980,1834,Out-of-state absentee; No homestead; Litigation pending (pre-foreclosure); Lien on property; Foreclosure judgment,satisfaction 12/09/2025; deed_transfer 12/02/2025; final_judgment 11/27/2024; lien 11/06/2025; lis_pendens 10/06/2025,2018-3 IH BORROWER LP,1717 MAIN ST #2000,DALLAS,TEXAS,75201,https://title.rootz.global/p/farm?address=9215%20NW%2048%20ST&city=SUNRISE
67,MEDIUM,9214 NW 48 ST,SUNRISE,33351,2017-2 IH BORROWER LP,496590,Single Family,1981,1817,Out-of-state absentee; No homestead; Litigation pending (pre-foreclosure); Lien on property; Foreclosure judgment,lis_pendens 12/24/2025; deed_transfer 12/18/2025; lien 12/18/2025; satisfaction 12/16/2024; final_judgment 10/06/2025,2017-2 IH BORROWER LP,1717 MAIN ST #2000,DALLAS,TEXAS,75201,https://title.rootz.global/p/farm?address=9214%20NW%2048%20ST&city=SUNRISE
67,MEDIUM,4463 NW 99 AVE,SUNRISE,33351,IH3 PROPERTY FLORIDA LP,466330,Single Family,1991,1650,Out-of-state absentee; No homestead; Litigation pending (pre-foreclosure); Lien on property; Foreclosure judgment,final_judgment 12/29/2025; deed_transfer 12/18/2025; satisfaction 12/18/2025; lis_pendens 10/16/2025; lien 07/16/2025,IH3 PROPERTY FLORIDA LP,1717 MAIN ST #2000,DALLAS,TEXAS,75201,https://title.rootz.global/p/farm?address=4463%20NW%2099%20AVE&city=SUNRISE
67,MEDIUM,9371 NW 38 PL,SUNRISE,33351,2017-2 IH BORROWER LP,378010,Single Family,1975,1470,Out-of-state absentee; No homestead; Litigation pending (pre-foreclosure); Lien on property; Foreclosure judgment,lis_pendens 12/24/2025; deed_transfer 12/18/2025; lien 12/18/2025; satisfaction 12/16/2024; final_judgment 10/06/2025,2017-2 IH BORROWER LP,1717 MAIN ST #2000,DALLAS,TEXAS,75201,https://title.rootz.global/p/farm?address=9371%20NW%2038%20PL&city=SUNRISE
67,MEDIUM,12152 NW 35 PL,SUNRISE,33323,IH3 PROPERTY FLORIDA LP,512020,Single Family,1991,1906,Out-of-state absentee; No homestead; Litigation pending (pre-foreclosure); Lien on property; Foreclosure judgment,final_judgment 12/29/2025; deed_transfer 12/18/2025; satisfaction 12/18/2025; lis_pendens 10/16/2025; lien 07/16/2025,IH3 PROPERTY FLORIDA LP,1717 MAIN ST #2000,DALLAS,TEXAS,75201,https://title.rootz.global/p/farm?address=12152%20NW%2035%20PL&city=SUNRISE
67,MEDIUM,9350 NW 35 MNR,SUNRISE,33351,2018-3 IH BORROWER LP,394890,Single Family,1975,1678,Out-of-state absentee; No homestead; Litigation pending (pre-foreclosure); Lien on property; Foreclosure judgment,satisfaction 12/09/2025; deed_transfer 12/02/2025; final_judgment 11/27/2024; lien 11/06/2025; lis_pendens 10/06/2025,2018-3 IH BORROWER LP,1717 MAIN ST #2000,DALLAS,TEXAS,75201,https://title.rootz.global/p/farm?address=9350%20NW%2035%20MNR&city=SUNRISE
67,MEDIUM,10800 NW 35 PL,SUNRISE,33351,IH3 PROPERTY FLORIDA LP,642930,Single Family,2001,2422,Out-of-state absentee; No homestead; Litigation pending (pre-foreclosure); Lien on property; Foreclosure judgment,final_judgment 12/29/2025; deed_transfer 12/18/2025; satisfaction 12/18/2025; lis_pendens 10/16/2025; lien 07/16/2025,IH3 PROPERTY FLORIDA LP,1717 MAIN ST #2000,DALLAS,TEXAS,75201,https://title.rootz.global/p/farm?address=10800%20NW%2035%20PL&city=SUNRISE
67,MEDIUM,9381 NW 33 PL,SUNRISE,33351,2017-2 IH BORROWER LP,469250,Single Family,1975,1910,Out-of-state absentee; No homestead; Litigation pending (pre-foreclosure); Lien on property; Foreclosure judgment,lis_pendens 12/24/2025; deed_transfer 12/18/2025; lien 12/18/2025; satisfaction 12/16/2024; final_judgment 10/06/2025,2017-2 IH BORROWER LP,1717 MAIN ST #2000,DALLAS,TEXAS,75201,https://title.rootz.global/p/farm?address=9381%20NW%2033%20PL&city=SUNRISE
67,MEDIUM,11830 NW 30 PL,SUNRISE,33323,THR FLORIDA LP,560590,Single Family,1978,2134,Out-of-state absentee; No homestead; Litigation pending (pre-foreclosure); Lien on property; Foreclosure judgment,satisfaction 12/30/2025; final_judgment 12/11/2025; lien 12/09/2024; deed_transfer 11/27/2024; lis_pendens 09/18/2025,THR FLORIDA LP,1717 MAIN ST #2000,DALLAS,TEXAS,75201,https://title.rootz.global/p/farm?address=11830%20NW%2030%20PL&city=SUNRISE
67,MEDIUM,8451 NW 28 ST,SUNRISE,33322,2018-3 IH BORROWER LP,430790,Single Family,1974,1720,Out-of-state absentee; No homestead; Litigation pending (pre-foreclosure); Lien on property; Foreclosure judgment,satisfaction 12/09/2025; deed_transfer 12/02/2025; final_judgment 11/27/2024; lien 11/06/2025; lis_pendens 10/06/2025,2018-3 IH BORROWER LP,1717 MAIN ST #2000,DALLAS,TEXAS,75201,https://title.rootz.global/p/farm?address=8451%20NW%2028%20ST&city=SUNRISE
67,MEDIUM,10331 SW 18 ST,MIRAMAR,33025,IH3 PROPERTY FLORIDA LP,411430,Single Family,1997,1145,Out-of-state absentee; No homestead; Litigation pending (pre-foreclosure); Lien on property; Foreclosure judgment,final_judgment 12/29/2025; deed_transfer 12/18/2025; satisfaction 12/18/2025; lis_pendens 10/16/2025; lien 07/16/2025,IH3 PROPERTY FLORIDA LP,1717 MAIN ST #2000,DALLAS,TEXAS,75201,https://title.rootz.global/p/farm?address=10331%20SW%2018%20ST&city=MIRAMAR
67,MEDIUM,14901 SW 18 ST,MIRAMAR,33027,IH3 PROPERTY FLORIDA LP,607200,Single Family,2001,2501,Out-of-state absentee; No homestead; Litigation pending (pre-foreclosure); Lien on property; Foreclosure judgment,final_judgment 12/29/2025; deed_transfer 12/18/2025; satisfaction 12/18/2025; lis_pendens 10/16/2025; lien 07/16/2025,IH3 PROPERTY FLORIDA LP,1717 MAIN ST #2000,DALLAS,TEXAS,75201,https://title.rootz.global/p/farm?address=14901%20SW%2018%20ST&city=MIRAMAR
67,MEDIUM,16268 SW 18 ST,MIRAMAR,33027,IH3 PROPERTY FLORIDA LP,693350,Single Family,2000,2896,Out-of-state absentee; No homestead; Litigation pending (pre-foreclosure); Lien on property; Foreclosure judgment,final_judgment 12/29/2025; deed_transfer 12/18/2025; satisfaction 12/18/2025; lis_pendens 10/16/2025; lien 07/16/2025,IH3 PROPERTY FLORIDA LP,1717 MAIN ST #2000,DALLAS,TEXAS,75201,https://title.rootz.global/p/farm?address=16268%20SW%2018%20ST&city=MIRAMAR
67,MEDIUM,7581 PLANTATION BLVD,MIRAMAR,33023,2018-3 IH BORROWER LP,378240,Single Family,1960,1079,Out-of-state absentee; No homestead; Litigation pending (pre-foreclosure); Lien on property; Foreclosure judgment,satisfaction 12/09/2025; deed_transfer 12/02/2025; final_judgment 11/27/2024; lien 11/06/2025; lis_pendens 10/06/2025,2018-3 IH BORROWER LP,1717 MAIN ST #2000,DALLAS,TEXAS,75201,https://title.rootz.global/p/farm?address=7581%20PLANTATION%20BLVD&city=MIRAMAR
67,MEDIUM,18041 SW 18 ST,MIRAMAR,33029,IH3 PROPERTY FLORIDA LP,706420,Single Family,1996,2615,Out-of-state absentee; No homestead; Litigation pending (pre-foreclosure); Lien on property; Foreclosure judgment,final_judgment 12/29/2025; deed_transfer 12/18/2025; satisfaction 12/18/2025; lis_pendens 10/16/2025; lien 07/16/2025,IH3 PROPERTY FLORIDA LP,1717 MAIN ST #2000,DALLAS,TEXAS,75201,https://title.rootz.global/p/farm?address=18041%20SW%2018%20ST&city=MIRAMAR
67,MEDIUM,16233 SW 18 PL,MIRAMAR,33027,IH3 PROPERTY FLORIDA LP,691080,Single Family,2000,2896,Out-of-state absentee; No homestead; Litigation pending (pre-foreclosure); Lien on property; Foreclosure judgment,final_judgment 12/29/2025; deed_transfer 12/18/2025; satisfaction 12/18/2025; lis_pendens 10/16/2025; lien 07/16/2025,IH3 PROPERTY FLORIDA LP,1717 MAIN ST #2000,DALLAS,TEXAS,75201,https://title.rootz.global/p/farm?address=16233%20SW%2018%20PL&city=MIRAMAR
67,MEDIUM,17402 SW 18 ST,MIRAMAR,33029,2018-3 IH BORROWER LP,402590,Single Family,1998,1350,Out-of-state absentee; No homestead; Litigation pending (pre-foreclosure); Lien on property; Foreclosure judgment,satisfaction 12/09/2025; deed_transfer 12/02/2025; final_judgment 11/27/2024; lien 11/06/2025; lis_pendens 10/06/2025,2018-3 IH BORROWER LP,1717 MAIN ST #2000,DALLAS,TEXAS,75201,https://title.rootz.global/p/farm?address=17402%20SW%2018%20ST&city=MIRAMAR
67,MEDIUM,17333 SW 19 ST,MIRAMAR,33029,IH3 PROPERTY FLORIDA LP,490620,Single Family,1997,1673,Out-of-state absentee; No homestead; Litigation pending (pre-foreclosure); Lien on property; Foreclosure judgment,final_judgment 12/29/2025; deed_transfer 12/18/2025; satisfaction 12/18/2025; lis_pendens 10/16/2025; lien 07/16/2025,IH3 PROPERTY FLORIDA LP,1717 MAIN ST #2000,DALLAS,TEXAS,75201,https://title.rootz.global/p/farm?address=17333%20SW%2019%20ST&city=MIRAMAR
67,MEDIUM,17473 SW 19 ST,MIRAMAR,33029,IH3 PROPERTY FLORIDA LP,480710,Single Family,1997,1549,Out-of-state absentee; No homestead; Litigation pending (pre-foreclosure); Lien on property; Foreclosure judgment,final_judgment 12/29/2025; deed_transfer 12/18/2025; satisfaction 12/18/2025; lis_pendens 10/16/2025; lien 07/16/2025,IH3 PROPERTY FLORIDA LP,1717 MAIN ST #2000,DALLAS,TEXAS,75201,https://title.rootz.global/p/farm?address=17473%20SW%2019%20ST&city=MIRAMAR
67,MEDIUM,1885 SW 163 AVE,MIRAMAR,33027,IH3 PROPERTY FLORIDA LP,709110,Single Family,2000,2848,Out-of-state absentee; No homestead; Litigation pending (pre-foreclosure); Lien on property; Foreclosure judgment,final_judgment 12/29/2025; deed_transfer 12/18/2025; satisfaction 12/18/2025; lis_pendens 10/16/2025; lien 07/16/2025,IH3 PROPERTY FLORIDA LP,1717 MAIN ST #2000,DALLAS,TEXAS,75201,https://title.rootz.global/p/farm?address=1885%20SW%20163%20AVE&city=MIRAMAR
67,MEDIUM,1858 SW 177 AVE,MIRAMAR,33029,IH3 PROPERTY FLORIDA LP,614610,Single Family,1999,2394,Out-of-state absentee; No homestead; Litigation pending (pre-foreclosure); Lien on property; Foreclosure judgment,final_judgment 12/29/2025; deed_transfer 12/18/2025; satisfaction 12/18/2025; lis_pendens 10/16/2025; lien 07/16/2025,IH3 PROPERTY FLORIDA LP,1717 MAIN ST #2000,DALLAS,TEXAS,75201,https://title.rootz.global/p/farm?address=1858%20SW%20177%20AVE&city=MIRAMAR
67,MEDIUM,1868 SW 177 AVE,MIRAMAR,33029,IH3 PROPERTY FLORIDA LP,411600,Single Family,1999,1673,Out-of-state absentee; No homestead; Litigation pending (pre-foreclosure); Lien on property; Foreclosure judgment,final_judgment 12/29/2025; deed_transfer 12/18/2025; satisfaction 12/18/2025; lis_pendens 10/16/2025; lien 07/16/2025,IH3 PROPERTY FLORIDA LP,1717 MAIN ST #2000,DALLAS,TEXAS,75201,https://title.rootz.global/p/farm?address=1868%20SW%20177%20AVE&city=MIRAMAR
67,MEDIUM,1963 SW 149 AVE,MIRAMAR,33027,IH3 PROPERTY FLORIDA LP,624520,Single Family,2001,2258,Out-of-state absentee; No homestead; Litigation pending (pre-foreclosure); Lien on property; Foreclosure judgment,final_judgment 12/29/2025; deed_transfer 12/18/2025; satisfaction 12/18/2025; lis_pendens 10/16/2025; lien 07/16/2025,IH3 PROPERTY FLORIDA LP,1717 MAIN ST #2000,DALLAS,TEXAS,75201,https://title.rootz.global/p/farm?address=1963%20SW%20149%20AVE&city=MIRAMAR
67,MEDIUM,2231 SW 67 WAY,MIRAMAR,33023,2017-2 IH BORROWER LP,479660,Single Family,1969,2213,Out-of-state absentee; No homestead; Litigation pending (pre-foreclosure); Lien on property; Foreclosure judgment,lis_pendens 12/24/2025; deed_transfer 12/18/2025; lien 12/18/2025; satisfaction 12/16/2024; final_judgment 10/06/2025,2017-2 IH BORROWER LP,1717 MAIN ST #2000,DALLAS,TEXAS,75201,https://title.rootz.global/p/farm?address=2231%20SW%2067%20WAY&city=MIRAMAR
67,MEDIUM,15921 SW 20 ST,MIRAMAR,33027,IH3 PROPERTY FLORIDA LP,530990,Single Family,2000,2162,Out-of-state absentee; No homestead; Litigation pending (pre-foreclosure); Lien on property; Foreclosure judgment,final_judgment 12/29/2025; deed_transfer 12/18/2025; satisfaction 12/18/2025; lis_pendens 10/16/2025; lien 07/16/2025,IH3 PROPERTY FLORIDA LP,1717 MAIN ST #2000,DALLAS,TEXAS,75201,https://title.rootz.global/p/farm?address=15921%20SW%2020%20ST&city=MIRAMAR
67,MEDIUM,17775 SW 20 ST,MIRAMAR,33029,IH3 PROPERTY FLORIDA LP,495450,Single Family,1995,1673,Out-of-state absentee; No homestead; Litigation pending (pre-foreclosure); Lien on property; Foreclosure judgment,final_judgment 12/29/2025; deed_transfer 12/18/2025; satisfaction 12/18/2025; lis_pendens 10/16/2025; lien 07/16/2025,IH3 PROPERTY FLORIDA LP,1717 MAIN ST #2000,DALLAS,TEXAS,75201,https://title.rootz.global/p/farm?address=17775%20SW%2020%20ST&city=MIRAMAR
67,MEDIUM,7957 NORMANDY ST,MIRAMAR,33023,THR FLORIDA LP,470650,Single Family,1963,1519,Out-of-state absentee; No homestead; Litigation pending (pre-foreclosure); Lien on property; Foreclosure judgment,satisfaction 12/30/2025; final_judgment 12/11/2025; lien 12/09/2024; deed_transfer 11/27/2024; lis_pendens 09/18/2025,THR FLORIDA LP,1717 MAIN ST #2000,DALLAS,TEXAS,75201,https://title.rootz.global/p/farm?address=7957%20NORMANDY%20ST&city=MIRAMAR
